quote_data_for_nifi.tr_date,quote_data_for_nifi.tr_time,quote_data_for_nifi.bid_price,quote_data_for_nifi.bid_size,quote_data_for_nifi.ask_price,quote_data_for_nifi.ask_size,quote_data_for_nifi.market_flag,quote_data_for_nifi.quote_condition,quote_data_for_nifi.contract_commodity,quote_data_for_nifi.contract_month,quote_data_for_nifi.contract_year,quote_data_for_nifi.contract_expiry_date,quote_data_for_nifi.symbol,quote_data_for_nifi.tr_year,quote_data_for_nifi.tr_month
2017-01-03,2017-01-03 11:43:17.139,53.81,2,53.82,12,E,,Nymex_WTI,3,2017,2017-02-21,CL,2017,1
2017-01-17,2017-01-17 05:00:27.263,53.95,2,53.96,8,E,,Nymex_WTI,3,2017,2017-02-21,CL,2017,1
2017-01-03,2017-01-03 11:43:17.139,53.81,2,53.82,14,E,,Nymex_WTI,3,2017,2017-02-21,CL,2017,1
2017-01-17,2017-01-17 05:00:27.263,53.95,2,53.96,7,E,,Nymex_WTI,3,2017,2017-02-21,CL,2017,1
2017-01-03,2017-01-03 11:43:17.139,53.81,2,53.82,16,E,,Nymex_WTI,3,2017,2017-02-21,CL,2017,1
2017-01-17,2017-01-17 05:00:28.207,53.95,2,53.96,8,E,,Nymex_WTI,3,2017,2017-02-21,CL,2017,1
2017-01-03,2017-01-03 11:43:17.139,53.81,1,53.82,16,E,,Nymex_WTI,3,2017,2017-02-21,CL,2017,1
2017-01-17,2017-01-17 05:00:28.503,53.95,1,53.96,8,E,,Nymex_WTI,3,2017,2017-02-21,CL,2017,1
2017-01-03,2017-01-03 11:43:17.145,53.81,1,53.82,17,E,,Nymex_WTI,3,2017,2017-02-21,CL,2017,1
2017-01-17,2017-01-17 05:00:28.503,53.95,1,53.96,7,E,,Nymex_WTI,3,2017,2017-02-21,CL,2017,1
2017-01-03,2017-01-03 11:43:17.145,53.81,1,53.82,19,E,,Nymex_WTI,3,2017,2017-02-21,CL,2017,1
2017-01-17,2017-01-17 05:00:28.719,53.95,1,53.96,8,E,,Nymex_WTI,3,2017,2017-02-21,CL,2017,1
2017-01-03,2017-01-03 11:43:17.145,53.81,1,53.82,17,E,,Nymex_WTI,3,2017,2017-02-21,CL,2017,1
2017-01-17,2017-01-17 05:00:29.257,53.95,2,53.96,8,E,,Nymex_WTI,3,2017,2017-02-21,CL,2017,1
2017-01-03,2017-01-03 11:43:17.375,53.81,1,53.82,19,E,,Nymex_WTI,3,2017,2017-02-21,CL,2017,1
2017-01-17,2017-01-17 05:00:29.257,53.95,2,53.96,7,E,,Nymex_WTI,3,2017,2017-02-21,CL,2017,1
2017-01-03,2017-01-03 11:43:17.375,53.81,1,53.82,20,E,,Nymex_WTI,3,2017,2017-02-21,CL,2017,1
2017-01-17,2017-01-17 05:00:29.257,53.95,2,53.96,8,E,,Nymex_WTI,3,2017,2017-02-21,CL,2017,1
2017-01-03,2017-01-03 11:43:17.375,53.81,1,53.82,23,E,,Nymex_WTI,3,2017,2017-02-21,CL,2017,1
2017-01-17,2017-01-17 05:00:29.443,53.95,1,53.96,8,E,,Nymex_WTI,3,2017,2017-02-21,CL,2017,1
2017-01-03,2017-01-03 11:43:17.375,53.8,44,53.82,23,E,,Nymex_WTI,3,2017,2017-02-21,CL,2017,1
2017-01-17,2017-01-17 05:00:29.443,53.95,1,53.96,7,E,,Nymex_WTI,3,2017,2017-02-21,CL,2017,1
2017-01-03,2017-01-03 11:43:17.375,53.8,43,53.82,23,E,,Nymex_WTI,3,2017,2017-02-21,CL,2017,1
2017-01-17,2017-01-17 05:00:30.287,53.95,1,53.96,8,E,,Nymex_WTI,3,2017,2017-02-21,CL,2017,1
2017-01-03,2017-01-03 11:43:17.375,53.8,43,53.82,25,E,,Nymex_WTI,3,2017,2017-02-21,CL,2017,1
2017-01-17,2017-01-17 05:00:30.292,53.95,4,53.96,8,E,,Nymex_WTI,3,2017,2017-02-21,CL,2017,1
2017-01-03,2017-01-03 11:43:17.375,53.8,38,53.82,25,E,,Nymex_WTI,3,2017,2017-02-21,CL,2017,1
2017-01-17,2017-01-17 05:00:30.292,53.95,4,53.96,7,E,,Nymex_WTI,3,2017,2017-02-21,CL,2017,1
2017-01-03,2017-01-03 11:43:17.375,53.8,38,53.82,26,E,,Nymex_WTI,3,2017,2017-02-21,CL,2017,1
2017-01-17,2017-01-17 05:00:30.297,53.95,5,53.96,7,E,,Nymex_WTI,3,2017,2017-02-21,CL,2017,1
2017-01-03,2017-01-03 11:43:17.379,53.8,38,53.82,27,E,,Nymex_WTI,3,2017,2017-02-21,CL,2017,1
2017-01-17,2017-01-17 05:00:30.297,53.95,7,53.96,7,E,,Nymex_WTI,3,2017,2017-02-21,CL,2017,1
2017-01-03,2017-01-03 11:43:17.379,53.8,37,53.82,27,E,,Nymex_WTI,3,2017,2017-02-21,CL,2017,1
2017-01-17,2017-01-17 05:00:30.297,53.95,8,53.96,7,E,,Nymex_WTI,3,2017,2017-02-21,CL,2017,1
2017-01-03,2017-01-03 11:43:17.379,53.8,37,53.82,29,E,,Nymex_WTI,3,2017,2017-02-21,CL,2017,1
2017-01-17,2017-01-17 05:00:30.297,53.95,9,53.96,7,E,,Nymex_WTI,3,2017,2017-02-21,CL,2017,1
2017-01-03,2017-01-03 11:43:17.379,53.8,37,53.82,30,E,,Nymex_WTI,3,2017,2017-02-21,CL,2017,1
2017-01-17,2017-01-17 05:00:30.297,53.95,11,53.96,7,E,,Nymex_WTI,3,2017,2017-02-21,CL,2017,1
2017-01-03,2017-01-03 11:43:17.381,53.8,37,53.82,31,E,,Nymex_WTI,3,2017,2017-02-21,CL,2017,1
2017-01-17,2017-01-17 05:00:30.297,53.95,12,53.96,7,E,,Nymex_WTI,3,2017,2017-02-21,CL,2017,1
2017-01-03,2017-01-03 11:43:17.902,53.8,36,53.82,31,E,,Nymex_WTI,3,2017,2017-02-21,CL,2017,1
2017-01-17,2017-01-17 05:00:30.297,53.95,13,53.96,7,E,,Nymex_WTI,3,2017,2017-02-21,CL,2017,1
2017-01-03,2017-01-03 11:43:18.278,53.8,36,53.82,43,E,,Nymex_WTI,3,2017,2017-02-21,CL,2017,1
2017-01-17,2017-01-17 05:00:30.297,53.95,14,53.96,7,E,,Nymex_WTI,3,2017,2017-02-21,CL,2017,1
2017-01-03,2017-01-03 11:43:18.278,53.8,36,53.82,48,E,,Nymex_WTI,3,2017,2017-02-21,CL,2017,1
2017-01-17,2017-01-17 05:00:30.297,53.95,14,53.96,6,E,,Nymex_WTI,3,2017,2017-02-21,CL,2017,1
2017-01-03,2017-01-03 11:43:18.278,53.8,36,53.82,49,E,,Nymex_WTI,3,2017,2017-02-21,CL,2017,1
2017-01-17,2017-01-17 05:00:30.301,53.95,17,53.96,6,E,,Nymex_WTI,3,2017,2017-02-21,CL,2017,1
2017-01-03,2017-01-03 11:43:18.278,53.8,35,53.82,49,E,,Nymex_WTI,3,2017,2017-02-21,CL,2017,1
2017-01-17,2017-01-17 05:00:30.301,53.95,18,53.96,6,E,,Nymex_WTI,3,2017,2017-02-21,CL,2017,1
2017-01-03,2017-01-03 11:43:18.278,53.8,34,53.82,49,E,,Nymex_WTI,3,2017,2017-02-21,CL,2017,1
2017-01-17,2017-01-17 05:00:30.301,53.95,19,53.96,6,E,,Nymex_WTI,3,2017,2017-02-21,CL,2017,1
2017-01-03,2017-01-03 11:43:18.278,53.8,34,53.82,48,E,,Nymex_WTI,3,2017,2017-02-21,CL,2017,1
2017-01-17,2017-01-17 05:00:30.301,53.95,20,53.96,6,E,,Nymex_WTI,3,2017,2017-02-21,CL,2017,1
2017-01-03,2017-01-03 11:43:18.278,53.8,35,53.82,48,E,,Nymex_WTI,3,2017,2017-02-21,CL,2017,1
2017-01-17,2017-01-17 05:00:30.306,53.95,20,53.96,5,E,,Nymex_WTI,3,2017,2017-02-21,CL,2017,1
2017-01-03,2017-01-03 11:43:18.283,53.8,34,53.82,48,E,,Nymex_WTI,3,2017,2017-02-21,CL,2017,1
2017-01-17,2017-01-17 05:00:30.306,53.95,21,53.96,5,E,,Nymex_WTI,3,2017,2017-02-21,CL,2017,1
2017-01-03,2017-01-03 11:43:18.283,53.8,35,53.82,48,E,,Nymex_WTI,3,2017,2017-02-21,CL,2017,1
2017-01-17,2017-01-17 05:00:30.306,53.95,21,53.96,4,E,,Nymex_WTI,3,2017,2017-02-21,CL,2017,1
2017-01-03,2017-01-03 11:43:18.283,53.8,36,53.82,48,E,,Nymex_WTI,3,2017,2017-02-21,CL,2017,1
2017-01-17,2017-01-17 05:00:30.306,53.95,20,53.96,4,E,,Nymex_WTI,3,2017,2017-02-21,CL,2017,1
2017-01-03,2017-01-03 11:43:18.29,53.8,37,53.82,48,E,,Nymex_WTI,3,2017,2017-02-21,CL,2017,1
2017-01-17,2017-01-17 05:00:30.306,53.95,22,53.96,4,E,,Nymex_WTI,3,2017,2017-02-21,CL,2017,1
2017-01-03,2017-01-03 11:43:18.348,53.8,19,53.82,48,E,,Nymex_WTI,3,2017,2017-02-21,CL,2017,1
2017-01-17,2017-01-17 05:00:30.311,53.95,22,53.96,1,E,,Nymex_WTI,3,2017,2017-02-21,CL,2017,1
2017-01-03,2017-01-03 11:43:18.352,53.8,19,53.81,12,E,,Nymex_WTI,3,2017,2017-02-21,CL,2017,1
2017-01-17,2017-01-17 05:00:30.311,53.95,23,53.96,1,E,,Nymex_WTI,3,2017,2017-02-21,CL,2017,1
2017-01-03,2017-01-03 11:43:18.352,53.8,19,53.81,14,E,,Nymex_WTI,3,2017,2017-02-21,CL,2017,1
2017-01-17,2017-01-17 05:00:30.311,53.95,23,53.97,48,E,,Nymex_WTI,3,2017,2017-02-21,CL,2017,1
2017-01-03,2017-01-03 11:43:18.352,53.8,16,53.81,14,E,,Nymex_WTI,3,2017,2017-02-21,CL,2017,1
2017-01-17,2017-01-17 05:00:30.311,53.95,23,53.97,49,E,,Nymex_WTI,3,2017,2017-02-21,CL,2017,1
2017-01-03,2017-01-03 11:43:18.352,53.8,14,53.81,14,E,,Nymex_WTI,3,2017,2017-02-21,CL,2017,1
2017-01-17,2017-01-17 05:00:30.346,53.95,28,53.97,49,E,,Nymex_WTI,3,2017,2017-02-21,CL,2017,1
2017-01-03,2017-01-03 11:43:18.352,53.8,14,53.81,15,E,,Nymex_WTI,3,2017,2017-02-21,CL,2017,1
2017-01-17,2017-01-17 05:00:30.401,53.95,28,53.97,48,E,,Nymex_WTI,3,2017,2017-02-21,CL,2017,1
2017-01-03,2017-01-03 11:43:18.352,53.8,14,53.81,16,E,,Nymex_WTI,3,2017,2017-02-21,CL,2017,1
2017-01-17,2017-01-17 05:00:30.425,53.95,31,53.97,48,E,,Nymex_WTI,3,2017,2017-02-21,CL,2017,1
2017-01-03,2017-01-03 11:43:18.352,53.8,14,53.81,21,E,,Nymex_WTI,3,2017,2017-02-21,CL,2017,1
2017-01-17,2017-01-17 05:00:30.425,53.95,31,53.97,44,E,,Nymex_WTI,3,2017,2017-02-21,CL,2017,1
2017-01-03,2017-01-03 11:43:18.352,53.8,14,53.81,24,E,,Nymex_WTI,3,2017,2017-02-21,CL,2017,1
2017-01-17,2017-01-17 05:00:30.425,53.95,33,53.97,44,E,,Nymex_WTI,3,2017,2017-02-21,CL,2017,1
2017-01-03,2017-01-03 11:43:18.352,53.8,14,53.81,25,E,,Nymex_WTI,3,2017,2017-02-21,CL,2017,1
2017-01-17,2017-01-17 05:00:30.425,53.95,34,53.97,44,E,,Nymex_WTI,3,2017,2017-02-21,CL,2017,1
2017-01-03,2017-01-03 11:43:18.355,53.8,13,53.81,25,E,,Nymex_WTI,3,2017,2017-02-21,CL,2017,1
2017-01-17,2017-01-17 05:00:30.425,53.95,34,53.97,41,E,,Nymex_WTI,3,2017,2017-02-21,CL,2017,1
2017-01-03,2017-01-03 11:43:18.355,53.8,10,53.81,25,E,,Nymex_WTI,3,2017,2017-02-21,CL,2017,1
2017-01-17,2017-01-17 05:00:30.425,53.95,34,53.97,40,E,,Nymex_WTI,3,2017,2017-02-21,CL,2017,1
2017-01-03,2017-01-03 11:43:18.355,53.8,10,53.81,27,E,,Nymex_WTI,3,2017,2017-02-21,CL,2017,1
2017-01-17,2017-01-17 05:00:30.425,53.95,35,53.97,40,E,,Nymex_WTI,3,2017,2017-02-21,CL,2017,1
2017-01-03,2017-01-03 11:43:18.355,53.8,10,53.81,28,E,,Nymex_WTI,3,2017,2017-02-21,CL,2017,1
2017-01-17,2017-01-17 05:00:30.425,53.95,35,53.97,39,E,,Nymex_WTI,3,2017,2017-02-21,CL,2017,1
2017-01-03,2017-01-03 11:43:18.355,53.8,10,53.81,30,E,,Nymex_WTI,3,2017,2017-02-21,CL,2017,1
2017-01-17,2017-01-17 05:00:30.425,53.95,38,53.97,39,E,,Nymex_WTI,3,2017,2017-02-21,CL,2017,1
2017-01-03,2017-01-03 11:43:18.355,53.8,10,53.81,32,E,,Nymex_WTI,3,2017,2017-02-21,CL,2017,1
2017-01-17,2017-01-17 05:00:30.432,53.95,38,53.97,37,E,,Nymex_WTI,3,2017,2017-02-21,CL,2017,1
2017-01-03,2017-01-03 11:43:18.355,53.8,10,53.81,33,E,,Nymex_WTI,3,2017,2017-02-21,CL,2017,1
2017-01-17,2017-01-17 05:00:30.472,53.95,38,53.97,38,E,,Nymex_WTI,3,2017,2017-02-21,CL,2017,1
2017-01-03,2017-01-03 11:43:18.355,53.8,10,53.81,34,E,,Nymex_WTI,3,2017,2017-02-21,CL,2017,1
2017-01-17,2017-01-17 05:00:30.684,53.95,39,53.97,38,E,,Nymex_WTI,3,2017,2017-02-21,CL,2017,1
2017-01-03,2017-01-03 11:43:18.355,53.8,10,53.81,36,E,,Nymex_WTI,3,2017,2017-02-21,CL,2017,1
2017-01-17,2017-01-17 05:00:30.796,53.95,39,53.97,37,E,,Nymex_WTI,3,2017,2017-02-21,CL,2017,1
2017-01-03,2017-01-03 11:43:18.359,53.8,10,53.81,37,E,,Nymex_WTI,3,2017,2017-02-21,CL,2017,1
2017-01-17,2017-01-17 05:00:31.023,53.95,39,53.97,38,E,,Nymex_WTI,3,2017,2017-02-21,CL,2017,1
2017-01-03,2017-01-03 11:43:18.359,53.8,9,53.81,37,E,,Nymex_WTI,3,2017,2017-02-21,CL,2017,1
2017-01-17,2017-01-17 05:00:31.048,53.95,38,53.97,38,E,,Nymex_WTI,3,2017,2017-02-21,CL,2017,1
2017-01-03,2017-01-03 11:43:18.359,53.8,9,53.81,39,E,,Nymex_WTI,3,2017,2017-02-21,CL,2017,1
2017-01-17,2017-01-17 05:00:31.321,53.95,37,53.97,38,E,,Nymex_WTI,3,2017,2017-02-21,CL,2017,1
2017-01-03,2017-01-03 11:43:18.359,53.8,7,53.81,39,E,,Nymex_WTI,3,2017,2017-02-21,CL,2017,1
2017-01-17,2017-01-17 05:00:31.632,53.95,37,53.97,41,E,,Nymex_WTI,3,2017,2017-02-21,CL,2017,1
2017-01-03,2017-01-03 11:43:18.359,53.8,7,53.81,36,E,,Nymex_WTI,3,2017,2017-02-21,CL,2017,1
2017-01-17,2017-01-17 05:00:31.632,53.95,36,53.97,41,E,,Nymex_WTI,3,2017,2017-02-21,CL,2017,1
2017-01-03,2017-01-03 11:43:18.363,53.8,7,53.81,37,E,,Nymex_WTI,3,2017,2017-02-21,CL,2017,1
2017-01-17,2017-01-17 05:00:31.632,53.95,33,53.97,41,E,,Nymex_WTI,3,2017,2017-02-21,CL,2017,1
2017-01-03,2017-01-03 11:43:18.363,53.8,7,53.81,38,E,,Nymex_WTI,3,2017,2017-02-21,CL,2017,1
2017-01-17,2017-01-17 05:00:31.874,53.95,36,53.97,41,E,,Nymex_WTI,3,2017,2017-02-21,CL,2017,1
2017-01-03,2017-01-03 11:43:18.363,53.8,7,53.81,39,E,,Nymex_WTI,3,2017,2017-02-21,CL,2017,1
2017-01-17,2017-01-17 05:00:32.103,53.95,36,53.97,38,E,,Nymex_WTI,3,2017,2017-02-21,CL,2017,1
2017-01-03,2017-01-03 11:43:18.363,53.8,7,53.81,38,E,,Nymex_WTI,3,2017,2017-02-21,CL,2017,1
2017-01-17,2017-01-17 05:00:32.962,53.95,36,53.97,40,E,,Nymex_WTI,3,2017,2017-02-21,CL,2017,1
2017-01-03,2017-01-03 11:43:18.363,53.8,6,53.81,38,E,,Nymex_WTI,3,2017,2017-02-21,CL,2017,1
2017-01-17,2017-01-17 05:00:32.962,53.95,36,53.97,43,E,,Nymex_WTI,3,2017,2017-02-21,CL,2017,1
2017-01-03,2017-01-03 11:43:18.368,53.8,6,53.81,39,E,,Nymex_WTI,3,2017,2017-02-21,CL,2017,1
2017-01-17,2017-01-17 05:00:32.962,53.95,34,53.97,43,E,,Nymex_WTI,3,2017,2017-02-21,CL,2017,1
2017-01-03,2017-01-03 11:43:18.368,53.8,5,53.81,39,E,,Nymex_WTI,3,2017,2017-02-21,CL,2017,1
2017-01-17,2017-01-17 05:00:32.962,53.95,31,53.97,43,E,,Nymex_WTI,3,2017,2017-02-21,CL,2017,1
2017-01-03,2017-01-03 11:43:18.368,53.8,5,53.81,37,E,,Nymex_WTI,3,2017,2017-02-21,CL,2017,1
2017-01-17,2017-01-17 05:00:32.962,53.95,26,53.97,43,E,,Nymex_WTI,3,2017,2017-02-21,CL,2017,1
2017-01-03,2017-01-03 11:43:18.368,53.8,5,53.81,38,E,,Nymex_WTI,3,2017,2017-02-21,CL,2017,1
2017-01-17,2017-01-17 05:00:32.962,53.95,25,53.97,43,E,,Nymex_WTI,3,2017,2017-02-21,CL,2017,1
2017-01-03,2017-01-03 11:43:18.373,53.8,5,53.81,39,E,,Nymex_WTI,3,2017,2017-02-21,CL,2017,1
2017-01-17,2017-01-17 05:00:32.967,53.95,23,53.97,43,E,,Nymex_WTI,3,2017,2017-02-21,CL,2017,1
2017-01-03,2017-01-03 11:43:18.373,53.8,5,53.81,38,E,,Nymex_WTI,3,2017,2017-02-21,CL,2017,1
2017-01-17,2017-01-17 05:00:33.035,53.95,24,53.97,43,E,,Nymex_WTI,3,2017,2017-02-21,CL,2017,1
2017-01-03,2017-01-03 11:43:18.394,53.8,4,53.81,38,E,,Nymex_WTI,3,2017,2017-02-21,CL,2017,1
2017-01-17,2017-01-17 05:00:33.908,53.95,23,53.97,43,E,,Nymex_WTI,3,2017,2017-02-21,CL,2017,1
2017-01-03,2017-01-03 11:43:18.394,53.8,3,53.81,38,E,,Nymex_WTI,3,2017,2017-02-21,CL,2017,1
2017-01-17,2017-01-17 05:00:33.919,53.95,24,53.97,43,E,,Nymex_WTI,3,2017,2017-02-21,CL,2017,1
2017-01-03,2017-01-03 11:43:18.394,53.8,3,53.81,40,E,,Nymex_WTI,3,2017,2017-02-21,CL,2017,1
2017-01-17,2017-01-17 05:00:33.919,53.95,25,53.97,43,E,,Nymex_WTI,3,2017,2017-02-21,CL,2017,1
2017-01-03,2017-01-03 11:43:18.394,53.8,2,53.81,40,E,,Nymex_WTI,3,2017,2017-02-21,CL,2017,1
2017-01-17,2017-01-17 05:00:33.919,53.95,26,53.97,43,E,,Nymex_WTI,3,2017,2017-02-21,CL,2017,1
2017-01-03,2017-01-03 11:43:18.397,53.8,2,53.81,45,E,,Nymex_WTI,3,2017,2017-02-21,CL,2017,1
2017-01-17,2017-01-17 05:00:33.919,53.95,26,53.97,42,E,,Nymex_WTI,3,2017,2017-02-21,CL,2017,1
2017-01-03,2017-01-03 11:43:18.397,53.79,20,53.81,45,E,,Nymex_WTI,3,2017,2017-02-21,CL,2017,1
2017-01-17,2017-01-17 05:00:33.922,53.95,26,53.97,39,E,,Nymex_WTI,3,2017,2017-02-21,CL,2017,1
2017-01-03,2017-01-03 11:43:18.397,53.79,20,53.8,3,E,,Nymex_WTI,3,2017,2017-02-21,CL,2017,1
2017-01-17,2017-01-17 05:00:33.922,53.95,26,53.97,38,E,,Nymex_WTI,3,2017,2017-02-21,CL,2017,1
2017-01-03,2017-01-03 11:43:18.401,53.79,19,53.8,3,E,,Nymex_WTI,3,2017,2017-02-21,CL,2017,1
2017-01-17,2017-01-17 05:00:33.922,53.95,27,53.97,38,E,,Nymex_WTI,3,2017,2017-02-21,CL,2017,1
2017-01-03,2017-01-03 11:43:18.405,53.79,18,53.8,3,E,,Nymex_WTI,3,2017,2017-02-21,CL,2017,1
2017-01-17,2017-01-17 05:00:33.922,53.95,29,53.97,38,E,,Nymex_WTI,3,2017,2017-02-21,CL,2017,1
2017-01-03,2017-01-03 11:43:18.405,53.79,18,53.81,46,E,,Nymex_WTI,3,2017,2017-02-21,CL,2017,1
2017-01-17,2017-01-17 05:00:33.922,53.95,29,53.97,37,E,,Nymex_WTI,3,2017,2017-02-21,CL,2017,1
2017-01-03,2017-01-03 11:43:18.405,53.79,19,53.81,46,E,,Nymex_WTI,3,2017,2017-02-21,CL,2017,1
2017-01-17,2017-01-17 05:00:33.922,53.95,30,53.97,37,E,,Nymex_WTI,3,2017,2017-02-21,CL,2017,1
2017-01-03,2017-01-03 11:43:18.405,53.79,20,53.81,46,E,,Nymex_WTI,3,2017,2017-02-21,CL,2017,1
2017-01-17,2017-01-17 05:00:33.925,53.95,33,53.97,37,E,,Nymex_WTI,3,2017,2017-02-21,CL,2017,1
2017-01-03,2017-01-03 11:43:18.405,53.79,21,53.81,46,E,,Nymex_WTI,3,2017,2017-02-21,CL,2017,1
2017-01-17,2017-01-17 05:00:33.925,53.95,36,53.97,37,E,,Nymex_WTI,3,2017,2017-02-21,CL,2017,1
2017-01-03,2017-01-03 11:43:18.405,53.79,22,53.81,46,E,,Nymex_WTI,3,2017,2017-02-21,CL,2017,1
2017-01-17,2017-01-17 05:00:33.929,53.95,37,53.97,37,E,,Nymex_WTI,3,2017,2017-02-21,CL,2017,1
2017-01-03,2017-01-03 11:43:18.405,53.79,22,53.81,47,E,,Nymex_WTI,3,2017,2017-02-21,CL,2017,1
2017-01-17,2017-01-17 05:00:33.929,53.95,37,53.97,35,E,,Nymex_WTI,3,2017,2017-02-21,CL,2017,1
2017-01-03,2017-01-03 11:43:18.444,53.79,22,53.81,42,E,,Nymex_WTI,3,2017,2017-02-21,CL,2017,1
2017-01-17,2017-01-17 05:00:33.929,53.96,1,53.97,35,E,,Nymex_WTI,3,2017,2017-02-21,CL,2017,1
2017-01-03,2017-01-03 11:43:18.467,53.79,23,53.81,42,E,,Nymex_WTI,3,2017,2017-02-21,CL,2017,1
2017-01-17,2017-01-17 05:00:33.929,53.96,1,53.97,33,E,,Nymex_WTI,3,2017,2017-02-21,CL,2017,1
2017-01-03,2017-01-03 11:43:18.478,53.79,25,53.81,42,E,,Nymex_WTI,3,2017,2017-02-21,CL,2017,1
2017-01-17,2017-01-17 05:00:33.929,53.96,2,53.97,33,E,,Nymex_WTI,3,2017,2017-02-21,CL,2017,1
2017-01-03,2017-01-03 11:43:18.484,53.79,25,53.81,43,E,,Nymex_WTI,3,2017,2017-02-21,CL,2017,1
2017-01-17,2017-01-17 05:00:33.929,53.96,2,53.97,20,E,,Nymex_WTI,3,2017,2017-02-21,CL,2017,1
2017-01-03,2017-01-03 11:43:18.49,53.79,29,53.81,43,E,,Nymex_WTI,3,2017,2017-02-21,CL,2017,1
2017-01-17,2017-01-17 05:00:33.929,53.96,2,53.97,16,E,,Nymex_WTI,3,2017,2017-02-21,CL,2017,1
2017-01-03,2017-01-03 11:43:18.521,53.79,30,53.81,43,E,,Nymex_WTI,3,2017,2017-02-21,CL,2017,1
2017-01-17,2017-01-17 05:00:33.929,53.96,3,53.97,16,E,,Nymex_WTI,3,2017,2017-02-21,CL,2017,1
2017-01-03,2017-01-03 11:43:18.558,53.79,30,53.81,42,E,,Nymex_WTI,3,2017,2017-02-21,CL,2017,1
2017-01-17,2017-01-17 05:00:33.931,53.96,3,53.97,15,E,,Nymex_WTI,3,2017,2017-02-21,CL,2017,1
2017-01-03,2017-01-03 11:43:18.558,53.79,30,53.81,41,E,,Nymex_WTI,3,2017,2017-02-21,CL,2017,1
2017-01-17,2017-01-17 05:00:33.931,53.96,3,53.97,12,E,,Nymex_WTI,3,2017,2017-02-21,CL,2017,1
2017-01-03,2017-01-03 11:43:18.558,53.79,31,53.81,41,E,,Nymex_WTI,3,2017,2017-02-21,CL,2017,1
2017-01-17,2017-01-17 05:00:33.935,53.96,4,53.97,12,E,,Nymex_WTI,3,2017,2017-02-21,CL,2017,1
2017-01-03,2017-01-03 11:43:18.558,53.79,30,53.81,41,E,,Nymex_WTI,3,2017,2017-02-21,CL,2017,1
2017-01-17,2017-01-17 05:00:33.935,53.96,4,53.97,11,E,,Nymex_WTI,3,2017,2017-02-21,CL,2017,1
2017-01-03,2017-01-03 11:43:18.558,53.79,35,53.81,41,E,,Nymex_WTI,3,2017,2017-02-21,CL,2017,1
2017-01-17,2017-01-17 05:00:33.935,53.96,5,53.97,11,E,,Nymex_WTI,3,2017,2017-02-21,CL,2017,1
2017-01-03,2017-01-03 11:43:18.558,53.79,35,53.81,39,E,,Nymex_WTI,3,2017,2017-02-21,CL,2017,1
2017-01-17,2017-01-17 05:00:33.938,53.96,6,53.97,11,E,,Nymex_WTI,3,2017,2017-02-21,CL,2017,1
2017-01-03,2017-01-03 11:43:18.558,53.79,35,53.81,38,E,,Nymex_WTI,3,2017,2017-02-21,CL,2017,1
2017-01-17,2017-01-17 05:00:33.938,53.96,5,53.97,11,E,,Nymex_WTI,3,2017,2017-02-21,CL,2017,1
2017-01-03,2017-01-03 11:43:18.558,53.79,37,53.81,38,E,,Nymex_WTI,3,2017,2017-02-21,CL,2017,1
2017-01-17,2017-01-17 05:00:33.938,53.96,5,53.97,10,E,,Nymex_WTI,3,2017,2017-02-21,CL,2017,1
2017-01-03,2017-01-03 11:43:18.563,53.79,35,53.81,38,E,,Nymex_WTI,3,2017,2017-02-21,CL,2017,1
2017-01-17,2017-01-17 05:00:33.938,53.96,5,53.97,9,E,,Nymex_WTI,3,2017,2017-02-21,CL,2017,1
2017-01-03,2017-01-03 11:43:18.568,53.79,37,53.81,38,E,,Nymex_WTI,3,2017,2017-02-21,CL,2017,1
2017-01-17,2017-01-17 05:00:33.938,53.96,4,53.97,9,E,,Nymex_WTI,3,2017,2017-02-21,CL,2017,1
2017-01-03,2017-01-03 11:43:18.568,53.8,1,53.81,38,E,,Nymex_WTI,3,2017,2017-02-21,CL,2017,1
2017-01-17,2017-01-17 05:00:33.943,53.96,7,53.97,9,E,,Nymex_WTI,3,2017,2017-02-21,CL,2017,1
2017-01-03,2017-01-03 11:43:18.575,53.79,37,53.81,38,E,,Nymex_WTI,3,2017,2017-02-21,CL,2017,1
2017-01-17,2017-01-17 05:00:33.943,53.96,8,53.97,9,E,,Nymex_WTI,3,2017,2017-02-21,CL,2017,1
2017-01-03,2017-01-03 11:43:18.664,53.79,37,53.81,40,E,,Nymex_WTI,3,2017,2017-02-21,CL,2017,1
2017-01-17,2017-01-17 05:00:33.943,53.96,9,53.97,9,E,,Nymex_WTI,3,2017,2017-02-21,CL,2017,1
2017-01-03,2017-01-03 11:43:18.7,53.8,1,53.81,40,E,,Nymex_WTI,3,2017,2017-02-21,CL,2017,1
2017-01-17,2017-01-17 05:00:33.943,53.96,10,53.97,9,E,,Nymex_WTI,3,2017,2017-02-21,CL,2017,1
2017-01-03,2017-01-03 11:43:18.7,53.8,1,53.81,39,E,,Nymex_WTI,3,2017,2017-02-21,CL,2017,1
2017-01-17,2017-01-17 05:00:33.943,53.96,10,53.97,8,E,,Nymex_WTI,3,2017,2017-02-21,CL,2017,1
2017-01-03,2017-01-03 11:43:18.827,53.8,1,53.81,40,E,,Nymex_WTI,3,2017,2017-02-21,CL,2017,1
2017-01-17,2017-01-17 05:00:33.943,53.96,11,53.97,8,E,,Nymex_WTI,3,2017,2017-02-21,CL,2017,1
2017-01-03,2017-01-03 11:43:18.94,53.8,1,53.81,48,E,,Nymex_WTI,3,2017,2017-02-21,CL,2017,1
2017-01-17,2017-01-17 05:00:33.943,53.96,10,53.97,8,E,,Nymex_WTI,3,2017,2017-02-21,CL,2017,1
2017-01-03,2017-01-03 11:43:18.94,53.8,1,53.81,47,E,,Nymex_WTI,3,2017,2017-02-21,CL,2017,1
2017-01-17,2017-01-17 05:00:33.943,53.96,11,53.97,8,E,,Nymex_WTI,3,2017,2017-02-21,CL,2017,1
2017-01-03,2017-01-03 11:43:19.082,53.8,1,53.81,46,E,,Nymex_WTI,3,2017,2017-02-21,CL,2017,1
2017-01-17,2017-01-17 05:00:33.946,53.96,13,53.97,8,E,,Nymex_WTI,3,2017,2017-02-21,CL,2017,1
2017-01-03,2017-01-03 11:43:19.082,53.8,1,53.81,51,E,,Nymex_WTI,3,2017,2017-02-21,CL,2017,1
2017-01-17,2017-01-17 05:00:33.946,53.96,12,53.97,8,E,,Nymex_WTI,3,2017,2017-02-21,CL,2017,1
2017-01-03,2017-01-03 11:43:19.082,53.79,26,53.81,51,E,,Nymex_WTI,3,2017,2017-02-21,CL,2017,1
2017-01-17,2017-01-17 05:00:33.946,53.96,11,53.97,8,E,,Nymex_WTI,3,2017,2017-02-21,CL,2017,1
2017-01-03,2017-01-03 11:43:19.231,53.8,3,53.81,51,E,,Nymex_WTI,3,2017,2017-02-21,CL,2017,1
2017-01-17,2017-01-17 05:00:33.946,53.96,12,53.97,8,E,,Nymex_WTI,3,2017,2017-02-21,CL,2017,1
2017-01-03,2017-01-03 11:43:19.231,53.79,26,53.81,51,E,,Nymex_WTI,3,2017,2017-02-21,CL,2017,1
2017-01-17,2017-01-17 05:00:33.946,53.96,11,53.97,8,E,,Nymex_WTI,3,2017,2017-02-21,CL,2017,1
2017-01-03,2017-01-03 11:43:19.231,53.79,27,53.81,51,E,,Nymex_WTI,3,2017,2017-02-21,CL,2017,1
2017-01-17,2017-01-17 05:00:33.951,53.96,11,53.97,6,E,,Nymex_WTI,3,2017,2017-02-21,CL,2017,1
2017-01-03,2017-01-03 11:43:19.271,53.79,28,53.81,51,E,,Nymex_WTI,3,2017,2017-02-21,CL,2017,1
2017-01-17,2017-01-17 05:00:33.951,53.96,11,53.97,5,E,,Nymex_WTI,3,2017,2017-02-21,CL,2017,1
2017-01-03,2017-01-03 11:43:19.271,53.79,28,53.81,50,E,,Nymex_WTI,3,2017,2017-02-21,CL,2017,1
2017-01-17,2017-01-17 05:00:33.951,53.96,14,53.97,5,E,,Nymex_WTI,3,2017,2017-02-21,CL,2017,1
2017-01-03,2017-01-03 11:43:19.271,53.8,1,53.81,50,E,,Nymex_WTI,3,2017,2017-02-21,CL,2017,1
2017-01-17,2017-01-17 05:00:33.951,53.96,14,53.97,3,E,,Nymex_WTI,3,2017,2017-02-21,CL,2017,1
2017-01-03,2017-01-03 11:43:19.275,53.8,1,53.81,45,E,,Nymex_WTI,3,2017,2017-02-21,CL,2017,1
2017-01-17,2017-01-17 05:00:33.955,53.96,16,53.97,3,E,,Nymex_WTI,3,2017,2017-02-21,CL,2017,1
2017-01-03,2017-01-03 11:43:19.275,53.8,2,53.81,45,E,,Nymex_WTI,3,2017,2017-02-21,CL,2017,1
2017-01-17,2017-01-17 05:00:33.96,53.96,17,53.97,3,E,,Nymex_WTI,3,2017,2017-02-21,CL,2017,1
2017-01-03,2017-01-03 11:43:19.275,53.8,2,53.81,44,E,,Nymex_WTI,3,2017,2017-02-21,CL,2017,1
2017-01-17,2017-01-17 05:00:33.972,53.96,17,53.97,2,E,,Nymex_WTI,3,2017,2017-02-21,CL,2017,1
2017-01-03,2017-01-03 11:43:19.275,53.8,1,53.81,44,E,,Nymex_WTI,3,2017,2017-02-21,CL,2017,1
2017-01-17,2017-01-17 05:00:33.972,53.96,18,53.97,2,E,,Nymex_WTI,3,2017,2017-02-21,CL,2017,1
2017-01-03,2017-01-03 11:43:19.275,53.8,2,53.81,44,E,,Nymex_WTI,3,2017,2017-02-21,CL,2017,1
2017-01-17,2017-01-17 05:00:33.975,53.96,16,53.97,2,E,,Nymex_WTI,3,2017,2017-02-21,CL,2017,1
2017-01-03,2017-01-03 11:43:19.298,53.8,5,53.81,44,E,,Nymex_WTI,3,2017,2017-02-21,CL,2017,1
2017-01-17,2017-01-17 05:00:33.98,53.96,15,53.97,2,E,,Nymex_WTI,3,2017,2017-02-21,CL,2017,1
2017-01-03,2017-01-03 11:43:19.298,53.8,2,53.81,44,E,,Nymex_WTI,3,2017,2017-02-21,CL,2017,1
2017-01-17,2017-01-17 05:00:33.98,53.96,16,53.97,2,E,,Nymex_WTI,3,2017,2017-02-21,CL,2017,1
2017-01-03,2017-01-03 11:43:19.298,53.8,1,53.81,44,E,,Nymex_WTI,3,2017,2017-02-21,CL,2017,1
2017-01-17,2017-01-17 05:00:33.98,53.96,16,53.97,3,E,,Nymex_WTI,3,2017,2017-02-21,CL,2017,1
2017-01-03,2017-01-03 11:43:19.298,53.8,1,53.81,43,E,,Nymex_WTI,3,2017,2017-02-21,CL,2017,1
2017-01-17,2017-01-17 05:00:33.98,53.96,13,53.97,3,E,,Nymex_WTI,3,2017,2017-02-21,CL,2017,1
2017-01-03,2017-01-03 11:43:19.303,53.8,1,53.81,42,E,,Nymex_WTI,3,2017,2017-02-21,CL,2017,1
2017-01-17,2017-01-17 05:00:33.98,53.96,12,53.97,3,E,,Nymex_WTI,3,2017,2017-02-21,CL,2017,1
2017-01-03,2017-01-03 11:43:19.309,53.8,2,53.81,42,E,,Nymex_WTI,3,2017,2017-02-21,CL,2017,1
2017-01-17,2017-01-17 05:00:33.98,53.96,12,53.97,6,E,,Nymex_WTI,3,2017,2017-02-21,CL,2017,1
2017-01-03,2017-01-03 11:43:19.317,53.8,1,53.81,42,E,,Nymex_WTI,3,2017,2017-02-21,CL,2017,1
2017-01-17,2017-01-17 05:00:33.98,53.96,11,53.97,6,E,,Nymex_WTI,3,2017,2017-02-21,CL,2017,1
2017-01-03,2017-01-03 11:43:19.65,53.79,34,53.81,42,E,,Nymex_WTI,3,2017,2017-02-21,CL,2017,1
2017-01-17,2017-01-17 05:00:33.987,53.96,10,53.97,6,E,,Nymex_WTI,3,2017,2017-02-21,CL,2017,1
2017-01-03,2017-01-03 11:43:19.65,53.79,29,53.81,42,E,,Nymex_WTI,3,2017,2017-02-21,CL,2017,1
2017-01-17,2017-01-17 05:00:34.007,53.96,10,53.97,5,E,,Nymex_WTI,3,2017,2017-02-21,CL,2017,1
2017-01-03,2017-01-03 11:43:19.656,53.79,29,53.81,47,E,,Nymex_WTI,3,2017,2017-02-21,CL,2017,1
2017-01-17,2017-01-17 05:00:34.007,53.96,12,53.97,5,E,,Nymex_WTI,3,2017,2017-02-21,CL,2017,1
2017-01-03,2017-01-03 11:43:19.656,53.79,28,53.81,47,E,,Nymex_WTI,3,2017,2017-02-21,CL,2017,1
2017-01-17,2017-01-17 05:00:34.012,53.96,10,53.97,5,E,,Nymex_WTI,3,2017,2017-02-21,CL,2017,1
2017-01-03,2017-01-03 11:43:19.656,53.79,27,53.81,47,E,,Nymex_WTI,3,2017,2017-02-21,CL,2017,1
2017-01-17,2017-01-17 05:00:34.012,53.96,10,53.97,4,E,,Nymex_WTI,3,2017,2017-02-21,CL,2017,1
2017-01-03,2017-01-03 11:43:19.656,53.79,26,53.81,47,E,,Nymex_WTI,3,2017,2017-02-21,CL,2017,1
2017-01-17,2017-01-17 05:00:34.012,53.96,10,53.97,3,E,,Nymex_WTI,3,2017,2017-02-21,CL,2017,1
2017-01-03,2017-01-03 11:43:20.027,53.79,26,53.81,48,E,,Nymex_WTI,3,2017,2017-02-21,CL,2017,1
2017-01-17,2017-01-17 05:00:34.012,53.96,10,53.98,76,E,,Nymex_WTI,3,2017,2017-02-21,CL,2017,1
2017-01-03,2017-01-03 11:43:20.065,53.79,25,53.81,48,E,,Nymex_WTI,3,2017,2017-02-21,CL,2017,1
2017-01-17,2017-01-17 05:00:34.015,53.96,13,53.98,76,E,,Nymex_WTI,3,2017,2017-02-21,CL,2017,1
2017-01-03,2017-01-03 11:43:20.289,53.79,26,53.81,48,E,,Nymex_WTI,3,2017,2017-02-21,CL,2017,1
2017-01-17,2017-01-17 05:00:34.015,53.97,2,53.98,76,E,,Nymex_WTI,3,2017,2017-02-21,CL,2017,1
2017-01-03,2017-01-03 11:43:20.662,53.79,26,53.81,49,E,,Nymex_WTI,3,2017,2017-02-21,CL,2017,1
2017-01-17,2017-01-17 05:00:34.018,53.97,3,53.98,76,E,,Nymex_WTI,3,2017,2017-02-21,CL,2017,1
2017-01-03,2017-01-03 11:43:20.686,53.79,26,53.81,48,E,,Nymex_WTI,3,2017,2017-02-21,CL,2017,1
2017-01-17,2017-01-17 05:00:34.018,53.97,2,53.98,76,E,,Nymex_WTI,3,2017,2017-02-21,CL,2017,1
2017-01-03,2017-01-03 11:43:20.749,53.79,20,53.81,48,E,,Nymex_WTI,3,2017,2017-02-21,CL,2017,1
2017-01-17,2017-01-17 05:00:34.018,53.96,10,53.98,76,E,,Nymex_WTI,3,2017,2017-02-21,CL,2017,1
2017-01-03,2017-01-03 11:43:20.749,53.79,20,53.81,49,E,,Nymex_WTI,3,2017,2017-02-21,CL,2017,1
2017-01-17,2017-01-17 05:00:34.018,53.96,10,53.98,75,E,,Nymex_WTI,3,2017,2017-02-21,CL,2017,1
2017-01-03,2017-01-03 11:43:20.749,53.79,20,53.8,1,E,,Nymex_WTI,3,2017,2017-02-21,CL,2017,1
2017-01-17,2017-01-17 05:00:34.018,53.96,10,53.97,3,E,,Nymex_WTI,3,2017,2017-02-21,CL,2017,1
2017-01-03,2017-01-03 11:43:20.749,53.79,17,53.8,1,E,,Nymex_WTI,3,2017,2017-02-21,CL,2017,1
2017-01-17,2017-01-17 05:00:34.018,53.96,10,53.97,9,E,,Nymex_WTI,3,2017,2017-02-21,CL,2017,1
2017-01-03,2017-01-03 11:43:20.749,53.79,13,53.8,1,E,,Nymex_WTI,3,2017,2017-02-21,CL,2017,1
2017-01-17,2017-01-17 05:00:34.023,53.96,13,53.97,9,E,,Nymex_WTI,3,2017,2017-02-21,CL,2017,1
2017-01-03,2017-01-03 11:43:20.749,53.79,13,53.8,3,E,,Nymex_WTI,3,2017,2017-02-21,CL,2017,1
2017-01-17,2017-01-17 05:00:34.023,53.96,13,53.97,10,E,,Nymex_WTI,3,2017,2017-02-21,CL,2017,1
2017-01-03,2017-01-03 11:43:20.753,53.79,12,53.8,3,E,,Nymex_WTI,3,2017,2017-02-21,CL,2017,1
2017-01-17,2017-01-17 05:00:34.023,53.96,13,53.97,7,E,,Nymex_WTI,3,2017,2017-02-21,CL,2017,1
2017-01-03,2017-01-03 11:43:20.753,53.79,12,53.8,5,E,,Nymex_WTI,3,2017,2017-02-21,CL,2017,1
2017-01-17,2017-01-17 05:00:34.023,53.96,10,53.97,7,E,,Nymex_WTI,3,2017,2017-02-21,CL,2017,1
2017-01-03,2017-01-03 11:43:20.753,53.79,12,53.8,8,E,,Nymex_WTI,3,2017,2017-02-21,CL,2017,1
2017-01-17,2017-01-17 05:00:34.023,53.96,11,53.97,7,E,,Nymex_WTI,3,2017,2017-02-21,CL,2017,1
2017-01-03,2017-01-03 11:43:20.753,53.79,12,53.8,11,E,,Nymex_WTI,3,2017,2017-02-21,CL,2017,1
2017-01-17,2017-01-17 05:00:34.071,53.96,11,53.98,78,E,,Nymex_WTI,3,2017,2017-02-21,CL,2017,1
2017-01-03,2017-01-03 11:43:20.753,53.79,12,53.8,12,E,,Nymex_WTI,3,2017,2017-02-21,CL,2017,1
2017-01-17,2017-01-17 05:00:34.076,53.96,11,53.98,75,E,,Nymex_WTI,3,2017,2017-02-21,CL,2017,1
2017-01-03,2017-01-03 11:43:20.753,53.79,12,53.8,13,E,,Nymex_WTI,3,2017,2017-02-21,CL,2017,1
2017-01-17,2017-01-17 05:00:34.076,53.96,14,53.98,75,E,,Nymex_WTI,3,2017,2017-02-21,CL,2017,1
2017-01-03,2017-01-03 11:43:20.753,53.79,12,53.8,15,E,,Nymex_WTI,3,2017,2017-02-21,CL,2017,1
2017-01-17,2017-01-17 05:00:34.076,53.96,16,53.98,75,E,,Nymex_WTI,3,2017,2017-02-21,CL,2017,1
2017-01-03,2017-01-03 11:43:20.753,53.79,12,53.8,16,E,,Nymex_WTI,3,2017,2017-02-21,CL,2017,1
2017-01-17,2017-01-17 05:00:34.076,53.96,17,53.98,75,E,,Nymex_WTI,3,2017,2017-02-21,CL,2017,1
2017-01-03,2017-01-03 11:43:20.757,53.79,11,53.8,16,E,,Nymex_WTI,3,2017,2017-02-21,CL,2017,1
2017-01-17,2017-01-17 05:00:34.076,53.96,18,53.98,75,E,,Nymex_WTI,3,2017,2017-02-21,CL,2017,1
2017-01-03,2017-01-03 11:43:20.757,53.79,10,53.8,16,E,,Nymex_WTI,3,2017,2017-02-21,CL,2017,1
2017-01-17,2017-01-17 05:00:34.076,53.96,19,53.98,75,E,,Nymex_WTI,3,2017,2017-02-21,CL,2017,1
2017-01-03,2017-01-03 11:43:20.757,53.79,10,53.8,17,E,,Nymex_WTI,3,2017,2017-02-21,CL,2017,1
2017-01-17,2017-01-17 05:00:34.076,53.96,21,53.98,75,E,,Nymex_WTI,3,2017,2017-02-21,CL,2017,1
2017-01-03,2017-01-03 11:43:20.757,53.79,10,53.8,18,E,,Nymex_WTI,3,2017,2017-02-21,CL,2017,1
2017-01-17,2017-01-17 05:00:34.076,53.96,22,53.98,75,E,,Nymex_WTI,3,2017,2017-02-21,CL,2017,1
2017-01-03,2017-01-03 11:43:20.757,53.79,10,53.8,16,E,,Nymex_WTI,3,2017,2017-02-21,CL,2017,1
2017-01-17,2017-01-17 05:00:34.076,53.96,23,53.98,75,E,,Nymex_WTI,3,2017,2017-02-21,CL,2017,1
2017-01-03,2017-01-03 11:43:20.757,53.79,10,53.8,17,E,,Nymex_WTI,3,2017,2017-02-21,CL,2017,1
2017-01-17,2017-01-17 05:00:34.076,53.96,23,53.98,72,E,,Nymex_WTI,3,2017,2017-02-21,CL,2017,1
2017-01-03,2017-01-03 11:43:20.757,53.79,10,53.8,16,E,,Nymex_WTI,3,2017,2017-02-21,CL,2017,1
2017-01-17,2017-01-17 05:00:34.076,53.96,26,53.98,72,E,,Nymex_WTI,3,2017,2017-02-21,CL,2017,1
2017-01-03,2017-01-03 11:43:20.761,53.79,11,53.8,16,E,,Nymex_WTI,3,2017,2017-02-21,CL,2017,1
2017-01-17,2017-01-17 05:00:34.079,53.96,26,53.98,71,E,,Nymex_WTI,3,2017,2017-02-21,CL,2017,1
2017-01-03,2017-01-03 11:43:20.761,53.79,10,53.8,16,E,,Nymex_WTI,3,2017,2017-02-21,CL,2017,1
2017-01-17,2017-01-17 05:00:34.079,53.96,27,53.98,71,E,,Nymex_WTI,3,2017,2017-02-21,CL,2017,1
2017-01-03,2017-01-03 11:43:20.761,53.79,10,53.8,17,E,,Nymex_WTI,3,2017,2017-02-21,CL,2017,1
2017-01-17,2017-01-17 05:00:34.079,53.96,27,53.98,70,E,,Nymex_WTI,3,2017,2017-02-21,CL,2017,1
2017-01-03,2017-01-03 11:43:20.761,53.79,7,53.8,17,E,,Nymex_WTI,3,2017,2017-02-21,CL,2017,1
2017-01-17,2017-01-17 05:00:34.079,53.96,26,53.98,70,E,,Nymex_WTI,3,2017,2017-02-21,CL,2017,1
2017-01-03,2017-01-03 11:43:20.761,53.79,7,53.8,19,E,,Nymex_WTI,3,2017,2017-02-21,CL,2017,1
2017-01-17,2017-01-17 05:00:34.079,53.96,26,53.98,73,E,,Nymex_WTI,3,2017,2017-02-21,CL,2017,1
2017-01-03,2017-01-03 11:43:20.761,53.79,7,53.8,21,E,,Nymex_WTI,3,2017,2017-02-21,CL,2017,1
2017-01-17,2017-01-17 05:00:34.084,53.96,26,53.98,70,E,,Nymex_WTI,3,2017,2017-02-21,CL,2017,1
2017-01-03,2017-01-03 11:43:20.761,53.79,7,53.8,23,E,,Nymex_WTI,3,2017,2017-02-21,CL,2017,1
2017-01-17,2017-01-17 05:00:34.084,53.96,26,53.98,73,E,,Nymex_WTI,3,2017,2017-02-21,CL,2017,1
2017-01-03,2017-01-03 11:43:20.761,53.79,6,53.8,23,E,,Nymex_WTI,3,2017,2017-02-21,CL,2017,1
2017-01-17,2017-01-17 05:00:34.103,53.96,25,53.98,73,E,,Nymex_WTI,3,2017,2017-02-21,CL,2017,1
2017-01-03,2017-01-03 11:43:20.761,53.79,5,53.8,23,E,,Nymex_WTI,3,2017,2017-02-21,CL,2017,1
2017-01-17,2017-01-17 05:00:34.103,53.96,22,53.98,73,E,,Nymex_WTI,3,2017,2017-02-21,CL,2017,1
2017-01-03,2017-01-03 11:43:20.761,53.79,5,53.8,22,E,,Nymex_WTI,3,2017,2017-02-21,CL,2017,1
2017-01-17,2017-01-17 05:00:34.103,53.96,22,53.98,74,E,,Nymex_WTI,3,2017,2017-02-21,CL,2017,1
2017-01-03,2017-01-03 11:43:20.761,53.79,5,53.8,21,E,,Nymex_WTI,3,2017,2017-02-21,CL,2017,1
2017-01-17,2017-01-17 05:00:34.103,53.96,25,53.98,74,E,,Nymex_WTI,3,2017,2017-02-21,CL,2017,1
2017-01-03,2017-01-03 11:43:20.765,53.79,5,53.8,19,E,,Nymex_WTI,3,2017,2017-02-21,CL,2017,1
2017-01-17,2017-01-17 05:00:34.103,53.96,25,53.97,1,E,,Nymex_WTI,3,2017,2017-02-21,CL,2017,1
2017-01-03,2017-01-03 11:43:20.765,53.79,5,53.8,18,E,,Nymex_WTI,3,2017,2017-02-21,CL,2017,1
2017-01-17,2017-01-17 05:00:34.109,53.96,24,53.97,1,E,,Nymex_WTI,3,2017,2017-02-21,CL,2017,1
2017-01-03,2017-01-03 11:43:20.765,53.79,5,53.8,15,E,,Nymex_WTI,3,2017,2017-02-21,CL,2017,1
2017-01-17,2017-01-17 05:00:34.109,53.96,21,53.97,1,E,,Nymex_WTI,3,2017,2017-02-21,CL,2017,1
2017-01-03,2017-01-03 11:43:20.765,53.79,5,53.8,13,E,,Nymex_WTI,3,2017,2017-02-21,CL,2017,1
2017-01-17,2017-01-17 05:00:34.109,53.96,19,53.97,1,E,,Nymex_WTI,3,2017,2017-02-21,CL,2017,1
2017-01-03,2017-01-03 11:43:20.765,53.79,5,53.8,14,E,,Nymex_WTI,3,2017,2017-02-21,CL,2017,1
2017-01-17,2017-01-17 05:00:34.109,53.96,21,53.97,1,E,,Nymex_WTI,3,2017,2017-02-21,CL,2017,1
2017-01-03,2017-01-03 11:43:20.765,53.79,5,53.8,13,E,,Nymex_WTI,3,2017,2017-02-21,CL,2017,1
2017-01-17,2017-01-17 05:00:34.109,53.96,20,53.97,1,E,,Nymex_WTI,3,2017,2017-02-21,CL,2017,1
2017-01-03,2017-01-03 11:43:20.771,53.79,5,53.8,14,E,,Nymex_WTI,3,2017,2017-02-21,CL,2017,1
2017-01-17,2017-01-17 05:00:34.109,53.96,17,53.97,1,E,,Nymex_WTI,3,2017,2017-02-21,CL,2017,1
2017-01-03,2017-01-03 11:43:20.784,53.79,5,53.8,15,E,,Nymex_WTI,3,2017,2017-02-21,CL,2017,1
2017-01-17,2017-01-17 05:00:34.109,53.96,15,53.97,1,E,,Nymex_WTI,3,2017,2017-02-21,CL,2017,1
2017-01-03,2017-01-03 11:43:20.839,53.79,5,53.8,9,E,,Nymex_WTI,3,2017,2017-02-21,CL,2017,1
2017-01-17,2017-01-17 05:00:34.11,53.96,14,53.97,1,E,,Nymex_WTI,3,2017,2017-02-21,CL,2017,1
2017-01-03,2017-01-03 11:43:20.842,53.79,5,53.8,4,E,,Nymex_WTI,3,2017,2017-02-21,CL,2017,1
2017-01-17,2017-01-17 05:00:34.11,53.96,11,53.97,1,E,,Nymex_WTI,3,2017,2017-02-21,CL,2017,1
2017-01-03,2017-01-03 11:43:20.842,53.79,8,53.8,4,E,,Nymex_WTI,3,2017,2017-02-21,CL,2017,1
2017-01-17,2017-01-17 05:00:34.11,53.96,11,53.97,2,E,,Nymex_WTI,3,2017,2017-02-21,CL,2017,1
2017-01-03,2017-01-03 11:43:20.842,53.79,9,53.8,4,E,,Nymex_WTI,3,2017,2017-02-21,CL,2017,1
2017-01-17,2017-01-17 05:00:34.115,53.96,14,53.97,2,E,,Nymex_WTI,3,2017,2017-02-21,CL,2017,1
2017-01-03,2017-01-03 11:43:20.842,53.79,9,53.8,3,E,,Nymex_WTI,3,2017,2017-02-21,CL,2017,1
2017-01-17,2017-01-17 05:00:34.115,53.96,11,53.97,2,E,,Nymex_WTI,3,2017,2017-02-21,CL,2017,1
2017-01-03,2017-01-03 11:43:20.842,53.79,16,53.8,3,E,,Nymex_WTI,3,2017,2017-02-21,CL,2017,1
2017-01-17,2017-01-17 05:00:34.115,53.96,8,53.97,2,E,,Nymex_WTI,3,2017,2017-02-21,CL,2017,1
2017-01-03,2017-01-03 11:43:20.842,53.79,16,53.8,1,E,,Nymex_WTI,3,2017,2017-02-21,CL,2017,1
2017-01-17,2017-01-17 05:00:34.115,53.96,8,53.97,3,E,,Nymex_WTI,3,2017,2017-02-21,CL,2017,1
2017-01-03,2017-01-03 11:43:20.846,53.79,17,53.8,1,E,,Nymex_WTI,3,2017,2017-02-21,CL,2017,1
2017-01-17,2017-01-17 05:00:34.115,53.96,11,53.97,3,E,,Nymex_WTI,3,2017,2017-02-21,CL,2017,1
2017-01-03,2017-01-03 11:43:20.846,53.79,18,53.8,1,E,,Nymex_WTI,3,2017,2017-02-21,CL,2017,1
2017-01-17,2017-01-17 05:00:34.115,53.96,9,53.97,3,E,,Nymex_WTI,3,2017,2017-02-21,CL,2017,1
2017-01-03,2017-01-03 11:43:20.846,53.79,18,53.81,45,E,,Nymex_WTI,3,2017,2017-02-21,CL,2017,1
2017-01-17,2017-01-17 05:00:34.115,53.96,6,53.97,3,E,,Nymex_WTI,3,2017,2017-02-21,CL,2017,1
2017-01-03,2017-01-03 11:43:20.846,53.79,18,53.81,44,E,,Nymex_WTI,3,2017,2017-02-21,CL,2017,1
2017-01-17,2017-01-17 05:00:34.115,53.96,6,53.97,4,E,,Nymex_WTI,3,2017,2017-02-21,CL,2017,1
2017-01-03,2017-01-03 11:43:20.846,53.79,19,53.81,44,E,,Nymex_WTI,3,2017,2017-02-21,CL,2017,1
2017-01-17,2017-01-17 05:00:34.115,53.96,5,53.97,4,E,,Nymex_WTI,3,2017,2017-02-21,CL,2017,1
2017-01-03,2017-01-03 11:43:20.846,53.79,22,53.81,44,E,,Nymex_WTI,3,2017,2017-02-21,CL,2017,1
2017-01-17,2017-01-17 05:00:34.115,53.96,8,53.97,4,E,,Nymex_WTI,3,2017,2017-02-21,CL,2017,1
2017-01-03,2017-01-03 11:43:20.846,53.79,23,53.81,44,E,,Nymex_WTI,3,2017,2017-02-21,CL,2017,1
2017-01-17,2017-01-17 05:00:34.118,53.96,8,53.97,3,E,,Nymex_WTI,3,2017,2017-02-21,CL,2017,1
2017-01-03,2017-01-03 11:43:20.846,53.79,26,53.81,44,E,,Nymex_WTI,3,2017,2017-02-21,CL,2017,1
2017-01-17,2017-01-17 05:00:34.118,53.96,8,53.97,2,E,,Nymex_WTI,3,2017,2017-02-21,CL,2017,1
2017-01-03,2017-01-03 11:43:20.846,53.79,27,53.81,44,E,,Nymex_WTI,3,2017,2017-02-21,CL,2017,1
2017-01-17,2017-01-17 05:00:34.118,53.95,61,53.97,2,E,,Nymex_WTI,3,2017,2017-02-21,CL,2017,1
2017-01-03,2017-01-03 11:43:20.846,53.79,28,53.81,44,E,,Nymex_WTI,3,2017,2017-02-21,CL,2017,1
2017-01-17,2017-01-17 05:00:34.118,53.95,61,53.97,3,E,,Nymex_WTI,3,2017,2017-02-21,CL,2017,1
2017-01-03,2017-01-03 11:43:20.846,53.79,30,53.81,44,E,,Nymex_WTI,3,2017,2017-02-21,CL,2017,1
2017-01-17,2017-01-17 05:00:34.118,53.95,61,53.97,2,E,,Nymex_WTI,3,2017,2017-02-21,CL,2017,1
2017-01-03,2017-01-03 11:43:20.85,53.79,30,53.8,1,E,,Nymex_WTI,3,2017,2017-02-21,CL,2017,1
2017-01-17,2017-01-17 05:00:34.12,53.95,61,53.97,3,E,,Nymex_WTI,3,2017,2017-02-21,CL,2017,1
2017-01-03,2017-01-03 11:43:20.85,53.79,31,53.8,1,E,,Nymex_WTI,3,2017,2017-02-21,CL,2017,1
2017-01-17,2017-01-17 05:00:34.12,53.95,61,53.97,5,E,,Nymex_WTI,3,2017,2017-02-21,CL,2017,1
2017-01-03,2017-01-03 11:43:20.85,53.79,32,53.8,1,E,,Nymex_WTI,3,2017,2017-02-21,CL,2017,1
2017-01-17,2017-01-17 05:00:34.12,53.95,61,53.97,6,E,,Nymex_WTI,3,2017,2017-02-21,CL,2017,1
2017-01-03,2017-01-03 11:43:20.85,53.79,33,53.8,1,E,,Nymex_WTI,3,2017,2017-02-21,CL,2017,1
2017-01-17,2017-01-17 05:00:34.125,53.95,61,53.97,5,E,,Nymex_WTI,3,2017,2017-02-21,CL,2017,1
2017-01-03,2017-01-03 11:43:20.85,53.79,32,53.8,1,E,,Nymex_WTI,3,2017,2017-02-21,CL,2017,1
2017-01-17,2017-01-17 05:00:34.125,53.95,61,53.97,6,E,,Nymex_WTI,3,2017,2017-02-21,CL,2017,1
2017-01-03,2017-01-03 11:43:20.85,53.79,34,53.8,1,E,,Nymex_WTI,3,2017,2017-02-21,CL,2017,1
2017-01-17,2017-01-17 05:00:34.125,53.95,61,53.97,5,E,,Nymex_WTI,3,2017,2017-02-21,CL,2017,1
2017-01-03,2017-01-03 11:43:20.85,53.79,33,53.8,1,E,,Nymex_WTI,3,2017,2017-02-21,CL,2017,1
2017-01-17,2017-01-17 05:00:34.125,53.95,61,53.97,3,E,,Nymex_WTI,3,2017,2017-02-21,CL,2017,1
2017-01-03,2017-01-03 11:43:20.85,53.79,33,53.81,39,E,,Nymex_WTI,3,2017,2017-02-21,CL,2017,1
2017-01-17,2017-01-17 05:00:34.125,53.95,61,53.97,5,E,,Nymex_WTI,3,2017,2017-02-21,CL,2017,1
2017-01-03,2017-01-03 11:43:20.85,53.79,32,53.81,39,E,,Nymex_WTI,3,2017,2017-02-21,CL,2017,1
2017-01-17,2017-01-17 05:00:34.125,53.95,61,53.97,7,E,,Nymex_WTI,3,2017,2017-02-21,CL,2017,1
2017-01-03,2017-01-03 11:43:20.85,53.79,32,53.81,38,E,,Nymex_WTI,3,2017,2017-02-21,CL,2017,1
2017-01-17,2017-01-17 05:00:34.125,53.96,1,53.97,7,E,,Nymex_WTI,3,2017,2017-02-21,CL,2017,1
2017-01-03,2017-01-03 11:43:20.85,53.79,32,53.81,37,E,,Nymex_WTI,3,2017,2017-02-21,CL,2017,1
2017-01-17,2017-01-17 05:00:34.125,53.96,1,53.97,8,E,,Nymex_WTI,3,2017,2017-02-21,CL,2017,1
2017-01-03,2017-01-03 11:43:20.85,53.79,33,53.81,37,E,,Nymex_WTI,3,2017,2017-02-21,CL,2017,1
2017-01-17,2017-01-17 05:00:34.125,53.96,1,53.97,9,E,,Nymex_WTI,3,2017,2017-02-21,CL,2017,1
2017-01-03,2017-01-03 11:43:20.852,53.79,33,53.81,35,E,,Nymex_WTI,3,2017,2017-02-21,CL,2017,1
2017-01-17,2017-01-17 05:00:34.13,53.96,1,53.97,10,E,,Nymex_WTI,3,2017,2017-02-21,CL,2017,1
2017-01-03,2017-01-03 11:43:20.852,53.8,1,53.81,35,E,,Nymex_WTI,3,2017,2017-02-21,CL,2017,1
2017-01-17,2017-01-17 05:00:34.13,53.96,1,53.97,13,E,,Nymex_WTI,3,2017,2017-02-21,CL,2017,1
2017-01-03,2017-01-03 11:43:20.857,53.8,1,53.81,34,E,,Nymex_WTI,3,2017,2017-02-21,CL,2017,1
2017-01-17,2017-01-17 05:00:34.13,53.96,1,53.97,14,E,,Nymex_WTI,3,2017,2017-02-21,CL,2017,1
2017-01-03,2017-01-03 11:43:20.857,53.8,1,53.81,35,E,,Nymex_WTI,3,2017,2017-02-21,CL,2017,1
2017-01-17,2017-01-17 05:00:34.13,53.96,1,53.97,13,E,,Nymex_WTI,3,2017,2017-02-21,CL,2017,1
2017-01-03,2017-01-03 11:43:20.857,53.8,1,53.81,34,E,,Nymex_WTI,3,2017,2017-02-21,CL,2017,1
2017-01-17,2017-01-17 05:00:34.13,53.95,55,53.97,13,E,,Nymex_WTI,3,2017,2017-02-21,CL,2017,1
2017-01-03,2017-01-03 11:43:21.176,53.8,3,53.81,34,E,,Nymex_WTI,3,2017,2017-02-21,CL,2017,1
2017-01-17,2017-01-17 05:00:34.13,53.95,56,53.97,13,E,,Nymex_WTI,3,2017,2017-02-21,CL,2017,1
2017-01-03,2017-01-03 11:43:21.279,53.8,3,53.81,30,E,,Nymex_WTI,3,2017,2017-02-21,CL,2017,1
2017-01-17,2017-01-17 05:00:34.133,53.95,55,53.97,13,E,,Nymex_WTI,3,2017,2017-02-21,CL,2017,1
2017-01-03,2017-01-03 11:43:21.279,53.8,4,53.81,30,E,,Nymex_WTI,3,2017,2017-02-21,CL,2017,1
2017-01-17,2017-01-17 05:00:34.133,53.95,54,53.97,13,E,,Nymex_WTI,3,2017,2017-02-21,CL,2017,1
2017-01-03,2017-01-03 11:43:21.279,53.8,4,53.81,29,E,,Nymex_WTI,3,2017,2017-02-21,CL,2017,1
2017-01-17,2017-01-17 05:00:34.133,53.95,53,53.97,13,E,,Nymex_WTI,3,2017,2017-02-21,CL,2017,1
2017-01-03,2017-01-03 11:43:21.279,53.8,4,53.81,28,E,,Nymex_WTI,3,2017,2017-02-21,CL,2017,1
2017-01-17,2017-01-17 05:00:34.133,53.95,53,53.97,14,E,,Nymex_WTI,3,2017,2017-02-21,CL,2017,1
2017-01-03,2017-01-03 11:43:21.279,53.8,4,53.81,27,E,,Nymex_WTI,3,2017,2017-02-21,CL,2017,1
2017-01-17,2017-01-17 05:00:34.133,53.95,52,53.97,14,E,,Nymex_WTI,3,2017,2017-02-21,CL,2017,1
2017-01-03,2017-01-03 11:43:21.282,53.8,4,53.81,26,E,,Nymex_WTI,3,2017,2017-02-21,CL,2017,1
2017-01-17,2017-01-17 05:00:34.137,53.95,52,53.97,15,E,,Nymex_WTI,3,2017,2017-02-21,CL,2017,1
2017-01-03,2017-01-03 11:43:21.332,53.8,4,53.81,27,E,,Nymex_WTI,3,2017,2017-02-21,CL,2017,1
2017-01-17,2017-01-17 05:00:34.137,53.95,50,53.97,15,E,,Nymex_WTI,3,2017,2017-02-21,CL,2017,1
2017-01-03,2017-01-03 11:43:21.337,53.8,3,53.81,27,E,,Nymex_WTI,3,2017,2017-02-21,CL,2017,1
2017-01-17,2017-01-17 05:00:34.137,53.95,49,53.97,15,E,,Nymex_WTI,3,2017,2017-02-21,CL,2017,1
2017-01-03,2017-01-03 11:43:21.521,53.8,1,53.81,27,E,,Nymex_WTI,3,2017,2017-02-21,CL,2017,1
2017-01-17,2017-01-17 05:00:34.137,53.95,49,53.97,16,E,,Nymex_WTI,3,2017,2017-02-21,CL,2017,1
2017-01-03,2017-01-03 11:43:21.521,53.8,1,53.81,29,E,,Nymex_WTI,3,2017,2017-02-21,CL,2017,1
2017-01-17,2017-01-17 05:00:34.148,53.95,50,53.97,16,E,,Nymex_WTI,3,2017,2017-02-21,CL,2017,1
2017-01-03,2017-01-03 11:43:21.521,53.79,19,53.81,29,E,,Nymex_WTI,3,2017,2017-02-21,CL,2017,1
2017-01-17,2017-01-17 05:00:34.16,53.95,50,53.97,15,E,,Nymex_WTI,3,2017,2017-02-21,CL,2017,1
2017-01-03,2017-01-03 11:43:21.521,53.79,19,53.81,30,E,,Nymex_WTI,3,2017,2017-02-21,CL,2017,1
2017-01-17,2017-01-17 05:00:34.16,53.95,51,53.97,15,E,,Nymex_WTI,3,2017,2017-02-21,CL,2017,1
2017-01-03,2017-01-03 11:43:21.525,53.79,19,53.81,32,E,,Nymex_WTI,3,2017,2017-02-21,CL,2017,1
2017-01-17,2017-01-17 05:00:34.16,53.95,51,53.97,17,E,,Nymex_WTI,3,2017,2017-02-21,CL,2017,1
2017-01-03,2017-01-03 11:43:21.525,53.79,19,53.81,37,E,,Nymex_WTI,3,2017,2017-02-21,CL,2017,1
2017-01-17,2017-01-17 05:00:34.184,53.95,52,53.97,17,E,,Nymex_WTI,3,2017,2017-02-21,CL,2017,1
2017-01-03,2017-01-03 11:43:21.525,53.79,14,53.81,37,E,,Nymex_WTI,3,2017,2017-02-21,CL,2017,1
2017-01-17,2017-01-17 05:00:34.195,53.95,52,53.97,15,E,,Nymex_WTI,3,2017,2017-02-21,CL,2017,1
2017-01-03,2017-01-03 11:43:21.525,53.79,13,53.81,37,E,,Nymex_WTI,3,2017,2017-02-21,CL,2017,1
2017-01-17,2017-01-17 05:00:34.195,53.95,52,53.97,14,E,,Nymex_WTI,3,2017,2017-02-21,CL,2017,1
2017-01-03,2017-01-03 11:43:21.525,53.79,13,53.81,38,E,,Nymex_WTI,3,2017,2017-02-21,CL,2017,1
2017-01-17,2017-01-17 05:00:34.195,53.95,52,53.97,13,E,,Nymex_WTI,3,2017,2017-02-21,CL,2017,1
2017-01-03,2017-01-03 11:43:21.525,53.79,13,53.81,39,E,,Nymex_WTI,3,2017,2017-02-21,CL,2017,1
2017-01-17,2017-01-17 05:00:34.229,53.95,53,53.97,13,E,,Nymex_WTI,3,2017,2017-02-21,CL,2017,1
2017-01-03,2017-01-03 11:43:21.525,53.79,12,53.81,39,E,,Nymex_WTI,3,2017,2017-02-21,CL,2017,1
2017-01-17,2017-01-17 05:00:34.296,53.95,52,53.97,13,E,,Nymex_WTI,3,2017,2017-02-21,CL,2017,1
2017-01-03,2017-01-03 11:43:21.525,53.79,12,53.81,40,E,,Nymex_WTI,3,2017,2017-02-21,CL,2017,1
2017-01-17,2017-01-17 05:00:34.296,53.95,51,53.97,13,E,,Nymex_WTI,3,2017,2017-02-21,CL,2017,1
2017-01-03,2017-01-03 11:43:21.525,53.79,11,53.81,40,E,,Nymex_WTI,3,2017,2017-02-21,CL,2017,1
2017-01-17,2017-01-17 05:00:34.301,53.95,51,53.97,15,E,,Nymex_WTI,3,2017,2017-02-21,CL,2017,1
2017-01-03,2017-01-03 11:43:21.531,53.79,12,53.81,40,E,,Nymex_WTI,3,2017,2017-02-21,CL,2017,1
2017-01-17,2017-01-17 05:00:34.301,53.95,51,53.97,16,E,,Nymex_WTI,3,2017,2017-02-21,CL,2017,1
2017-01-03,2017-01-03 11:43:21.531,53.79,14,53.81,40,E,,Nymex_WTI,3,2017,2017-02-21,CL,2017,1
2017-01-17,2017-01-17 05:00:34.301,53.95,51,53.97,17,E,,Nymex_WTI,3,2017,2017-02-21,CL,2017,1
2017-01-03,2017-01-03 11:43:21.531,53.79,12,53.81,40,E,,Nymex_WTI,3,2017,2017-02-21,CL,2017,1
2017-01-17,2017-01-17 05:00:34.356,53.95,51,53.97,19,E,,Nymex_WTI,3,2017,2017-02-21,CL,2017,1
2017-01-03,2017-01-03 11:43:21.531,53.79,11,53.81,40,E,,Nymex_WTI,3,2017,2017-02-21,CL,2017,1
2017-01-17,2017-01-17 05:00:34.356,53.95,51,53.97,18,E,,Nymex_WTI,3,2017,2017-02-21,CL,2017,1
2017-01-03,2017-01-03 11:43:21.531,53.79,11,53.81,42,E,,Nymex_WTI,3,2017,2017-02-21,CL,2017,1
2017-01-17,2017-01-17 05:00:34.361,53.95,51,53.97,20,E,,Nymex_WTI,3,2017,2017-02-21,CL,2017,1
2017-01-03,2017-01-03 11:43:21.694,53.79,11,53.81,41,E,,Nymex_WTI,3,2017,2017-02-21,CL,2017,1
2017-01-17,2017-01-17 05:00:34.361,53.95,48,53.97,20,E,,Nymex_WTI,3,2017,2017-02-21,CL,2017,1
2017-01-03,2017-01-03 11:43:21.734,53.79,11,53.81,40,E,,Nymex_WTI,3,2017,2017-02-21,CL,2017,1
2017-01-17,2017-01-17 05:00:34.399,53.95,48,53.96,4,E,,Nymex_WTI,3,2017,2017-02-21,CL,2017,1
2017-01-03,2017-01-03 11:43:21.734,53.79,11,53.81,39,E,,Nymex_WTI,3,2017,2017-02-21,CL,2017,1
2017-01-17,2017-01-17 05:00:34.399,53.95,45,53.96,4,E,,Nymex_WTI,3,2017,2017-02-21,CL,2017,1
2017-01-03,2017-01-03 11:43:21.818,53.79,11,53.8,7,E,,Nymex_WTI,3,2017,2017-02-21,CL,2017,1
2017-01-17,2017-01-17 05:00:34.399,53.95,45,53.97,21,E,,Nymex_WTI,3,2017,2017-02-21,CL,2017,1
2017-01-03,2017-01-03 11:43:21.818,53.79,8,53.8,7,E,,Nymex_WTI,3,2017,2017-02-21,CL,2017,1
2017-01-17,2017-01-17 05:00:34.399,53.95,45,53.97,22,E,,Nymex_WTI,3,2017,2017-02-21,CL,2017,1
2017-01-03,2017-01-03 11:43:21.818,53.79,8,53.8,8,E,,Nymex_WTI,3,2017,2017-02-21,CL,2017,1
2017-01-17,2017-01-17 05:00:34.399,53.95,43,53.97,22,E,,Nymex_WTI,3,2017,2017-02-21,CL,2017,1
2017-01-03,2017-01-03 11:43:21.818,53.79,8,53.8,9,E,,Nymex_WTI,3,2017,2017-02-21,CL,2017,1
2017-01-17,2017-01-17 05:00:34.399,53.95,38,53.97,22,E,,Nymex_WTI,3,2017,2017-02-21,CL,2017,1
2017-01-03,2017-01-03 11:43:21.818,53.79,8,53.8,11,E,,Nymex_WTI,3,2017,2017-02-21,CL,2017,1
2017-01-17,2017-01-17 05:00:34.399,53.95,39,53.97,22,E,,Nymex_WTI,3,2017,2017-02-21,CL,2017,1
2017-01-03,2017-01-03 11:43:21.821,53.79,8,53.8,12,E,,Nymex_WTI,3,2017,2017-02-21,CL,2017,1
2017-01-17,2017-01-17 05:00:34.399,53.95,40,53.97,22,E,,Nymex_WTI,3,2017,2017-02-21,CL,2017,1
2017-01-03,2017-01-03 11:43:21.821,53.79,5,53.8,12,E,,Nymex_WTI,3,2017,2017-02-21,CL,2017,1
2017-01-17,2017-01-17 05:00:34.399,53.95,40,53.97,23,E,,Nymex_WTI,3,2017,2017-02-21,CL,2017,1
2017-01-03,2017-01-03 11:43:21.822,53.79,5,53.8,17,E,,Nymex_WTI,3,2017,2017-02-21,CL,2017,1
2017-01-17,2017-01-17 05:00:34.399,53.95,40,53.97,22,E,,Nymex_WTI,3,2017,2017-02-21,CL,2017,1
2017-01-03,2017-01-03 11:43:21.822,53.79,4,53.8,17,E,,Nymex_WTI,3,2017,2017-02-21,CL,2017,1
2017-01-17,2017-01-17 05:00:34.399,53.95,43,53.97,22,E,,Nymex_WTI,3,2017,2017-02-21,CL,2017,1
2017-01-03,2017-01-03 11:43:21.822,53.79,3,53.8,17,E,,Nymex_WTI,3,2017,2017-02-21,CL,2017,1
2017-01-17,2017-01-17 05:00:34.431,53.95,41,53.97,22,E,,Nymex_WTI,3,2017,2017-02-21,CL,2017,1
2017-01-03,2017-01-03 11:43:21.826,53.79,2,53.8,17,E,,Nymex_WTI,3,2017,2017-02-21,CL,2017,1
2017-01-17,2017-01-17 05:00:34.476,53.95,41,53.97,23,E,,Nymex_WTI,3,2017,2017-02-21,CL,2017,1
2017-01-03,2017-01-03 11:43:21.87,53.79,1,53.8,17,E,,Nymex_WTI,3,2017,2017-02-21,CL,2017,1
2017-01-17,2017-01-17 05:00:34.612,53.95,41,53.97,22,E,,Nymex_WTI,3,2017,2017-02-21,CL,2017,1
2017-01-03,2017-01-03 11:43:21.87,53.79,1,53.8,18,E,,Nymex_WTI,3,2017,2017-02-21,CL,2017,1
2017-01-17,2017-01-17 05:00:34.612,53.95,44,53.97,22,E,,Nymex_WTI,3,2017,2017-02-21,CL,2017,1
2017-01-03,2017-01-03 11:43:21.87,53.79,1,53.8,20,E,,Nymex_WTI,3,2017,2017-02-21,CL,2017,1
2017-01-17,2017-01-17 05:00:34.612,53.95,44,53.97,20,E,,Nymex_WTI,3,2017,2017-02-21,CL,2017,1
2017-01-03,2017-01-03 11:43:21.87,53.79,1,53.8,21,E,,Nymex_WTI,3,2017,2017-02-21,CL,2017,1
2017-01-17,2017-01-17 05:00:34.612,53.95,43,53.97,20,E,,Nymex_WTI,3,2017,2017-02-21,CL,2017,1
2017-01-03,2017-01-03 11:43:21.87,53.79,1,53.8,22,E,,Nymex_WTI,3,2017,2017-02-21,CL,2017,1
2017-01-17,2017-01-17 05:00:34.78,53.95,42,53.97,20,E,,Nymex_WTI,3,2017,2017-02-21,CL,2017,1
2017-01-03,2017-01-03 11:43:21.87,53.79,1,53.8,23,E,,Nymex_WTI,3,2017,2017-02-21,CL,2017,1
2017-01-17,2017-01-17 05:00:34.78,53.95,42,53.97,21,E,,Nymex_WTI,3,2017,2017-02-21,CL,2017,1
2017-01-03,2017-01-03 11:43:21.87,53.78,25,53.8,23,E,,Nymex_WTI,3,2017,2017-02-21,CL,2017,1
2017-01-17,2017-01-17 05:00:34.78,53.95,42,53.97,22,E,,Nymex_WTI,3,2017,2017-02-21,CL,2017,1
2017-01-03,2017-01-03 11:43:21.875,53.78,25,53.8,24,E,,Nymex_WTI,3,2017,2017-02-21,CL,2017,1
2017-01-17,2017-01-17 05:00:34.78,53.95,42,53.97,23,E,,Nymex_WTI,3,2017,2017-02-21,CL,2017,1
2017-01-03,2017-01-03 11:43:21.875,53.78,25,53.8,25,E,,Nymex_WTI,3,2017,2017-02-21,CL,2017,1
2017-01-17,2017-01-17 05:00:34.78,53.95,42,53.97,24,E,,Nymex_WTI,3,2017,2017-02-21,CL,2017,1
2017-01-03,2017-01-03 11:43:21.875,53.78,25,53.8,27,E,,Nymex_WTI,3,2017,2017-02-21,CL,2017,1
2017-01-17,2017-01-17 05:00:34.78,53.95,39,53.97,24,E,,Nymex_WTI,3,2017,2017-02-21,CL,2017,1
2017-01-03,2017-01-03 11:43:21.885,53.78,26,53.8,27,E,,Nymex_WTI,3,2017,2017-02-21,CL,2017,1
2017-01-17,2017-01-17 05:00:34.78,53.95,39,53.97,27,E,,Nymex_WTI,3,2017,2017-02-21,CL,2017,1
2017-01-03,2017-01-03 11:43:21.924,53.78,36,53.8,27,E,,Nymex_WTI,3,2017,2017-02-21,CL,2017,1
2017-01-17,2017-01-17 05:00:34.78,53.95,39,53.97,29,E,,Nymex_WTI,3,2017,2017-02-21,CL,2017,1
2017-01-03,2017-01-03 11:43:21.969,53.78,40,53.8,27,E,,Nymex_WTI,3,2017,2017-02-21,CL,2017,1
2017-01-17,2017-01-17 05:00:34.78,53.95,39,53.97,30,E,,Nymex_WTI,3,2017,2017-02-21,CL,2017,1
2017-01-03,2017-01-03 11:43:21.989,53.78,41,53.8,27,E,,Nymex_WTI,3,2017,2017-02-21,CL,2017,1
2017-01-17,2017-01-17 05:00:34.78,53.95,38,53.97,30,E,,Nymex_WTI,3,2017,2017-02-21,CL,2017,1
2017-01-03,2017-01-03 11:43:22.009,53.78,40,53.8,27,E,,Nymex_WTI,3,2017,2017-02-21,CL,2017,1
2017-01-17,2017-01-17 05:00:34.78,53.95,37,53.97,30,E,,Nymex_WTI,3,2017,2017-02-21,CL,2017,1
2017-01-03,2017-01-03 11:43:22.009,53.78,39,53.8,27,E,,Nymex_WTI,3,2017,2017-02-21,CL,2017,1
2017-01-17,2017-01-17 05:00:34.78,53.95,36,53.97,30,E,,Nymex_WTI,3,2017,2017-02-21,CL,2017,1
2017-01-03,2017-01-03 11:43:22.06,53.78,40,53.8,27,E,,Nymex_WTI,3,2017,2017-02-21,CL,2017,1
2017-01-17,2017-01-17 05:00:34.78,53.95,35,53.97,30,E,,Nymex_WTI,3,2017,2017-02-21,CL,2017,1
2017-01-03,2017-01-03 11:43:22.113,53.78,40,53.8,17,E,,Nymex_WTI,3,2017,2017-02-21,CL,2017,1
2017-01-17,2017-01-17 05:00:34.78,53.95,34,53.97,30,E,,Nymex_WTI,3,2017,2017-02-21,CL,2017,1
2017-01-03,2017-01-03 11:43:22.113,53.78,44,53.8,17,E,,Nymex_WTI,3,2017,2017-02-21,CL,2017,1
2017-01-17,2017-01-17 05:00:34.78,53.95,33,53.97,30,E,,Nymex_WTI,3,2017,2017-02-21,CL,2017,1
2017-01-03,2017-01-03 11:43:22.113,53.78,44,53.8,16,E,,Nymex_WTI,3,2017,2017-02-21,CL,2017,1
2017-01-17,2017-01-17 05:00:34.801,53.95,33,53.97,31,E,,Nymex_WTI,3,2017,2017-02-21,CL,2017,1
2017-01-03,2017-01-03 11:43:22.113,53.78,46,53.8,16,E,,Nymex_WTI,3,2017,2017-02-21,CL,2017,1
2017-01-17,2017-01-17 05:00:34.801,53.95,34,53.97,31,E,,Nymex_WTI,3,2017,2017-02-21,CL,2017,1
2017-01-03,2017-01-03 11:43:22.113,53.78,46,53.8,15,E,,Nymex_WTI,3,2017,2017-02-21,CL,2017,1
2017-01-17,2017-01-17 05:00:34.801,53.95,34,53.97,29,E,,Nymex_WTI,3,2017,2017-02-21,CL,2017,1
2017-01-03,2017-01-03 11:43:22.113,53.78,46,53.8,14,E,,Nymex_WTI,3,2017,2017-02-21,CL,2017,1
2017-01-17,2017-01-17 05:00:34.801,53.95,35,53.97,29,E,,Nymex_WTI,3,2017,2017-02-21,CL,2017,1
2017-01-03,2017-01-03 11:43:22.113,53.78,49,53.8,14,E,,Nymex_WTI,3,2017,2017-02-21,CL,2017,1
2017-01-17,2017-01-17 05:00:34.807,53.95,38,53.97,29,E,,Nymex_WTI,3,2017,2017-02-21,CL,2017,1
2017-01-03,2017-01-03 11:43:22.113,53.78,49,53.8,13,E,,Nymex_WTI,3,2017,2017-02-21,CL,2017,1
2017-01-17,2017-01-17 05:00:34.807,53.95,38,53.97,28,E,,Nymex_WTI,3,2017,2017-02-21,CL,2017,1
2017-01-03,2017-01-03 11:43:22.113,53.78,50,53.8,13,E,,Nymex_WTI,3,2017,2017-02-21,CL,2017,1
2017-01-17,2017-01-17 05:00:34.807,53.95,38,53.97,27,E,,Nymex_WTI,3,2017,2017-02-21,CL,2017,1
2017-01-03,2017-01-03 11:43:22.113,53.78,51,53.8,13,E,,Nymex_WTI,3,2017,2017-02-21,CL,2017,1
2017-01-17,2017-01-17 05:00:34.812,53.95,38,53.97,25,E,,Nymex_WTI,3,2017,2017-02-21,CL,2017,1
2017-01-03,2017-01-03 11:43:22.113,53.78,53,53.8,13,E,,Nymex_WTI,3,2017,2017-02-21,CL,2017,1
2017-01-17,2017-01-17 05:00:34.812,53.95,38,53.97,24,E,,Nymex_WTI,3,2017,2017-02-21,CL,2017,1
2017-01-03,2017-01-03 11:43:22.113,53.78,53,53.8,12,E,,Nymex_WTI,3,2017,2017-02-21,CL,2017,1
2017-01-17,2017-01-17 05:00:34.812,53.95,38,53.97,21,E,,Nymex_WTI,3,2017,2017-02-21,CL,2017,1
2017-01-03,2017-01-03 11:43:22.113,53.78,54,53.8,12,E,,Nymex_WTI,3,2017,2017-02-21,CL,2017,1
2017-01-17,2017-01-17 05:00:34.812,53.95,39,53.97,21,E,,Nymex_WTI,3,2017,2017-02-21,CL,2017,1
2017-01-03,2017-01-03 11:43:22.113,53.78,53,53.8,12,E,,Nymex_WTI,3,2017,2017-02-21,CL,2017,1
2017-01-17,2017-01-17 05:00:34.816,53.95,39,53.97,20,E,,Nymex_WTI,3,2017,2017-02-21,CL,2017,1
2017-01-03,2017-01-03 11:43:22.113,53.78,53,53.8,9,E,,Nymex_WTI,3,2017,2017-02-21,CL,2017,1
2017-01-17,2017-01-17 05:00:34.882,53.95,40,53.97,20,E,,Nymex_WTI,3,2017,2017-02-21,CL,2017,1
2017-01-03,2017-01-03 11:43:22.113,53.79,1,53.8,9,E,,Nymex_WTI,3,2017,2017-02-21,CL,2017,1
2017-01-17,2017-01-17 05:00:34.9,53.95,40,53.97,19,E,,Nymex_WTI,3,2017,2017-02-21,CL,2017,1
2017-01-03,2017-01-03 11:43:22.113,53.79,2,53.8,9,E,,Nymex_WTI,3,2017,2017-02-21,CL,2017,1
2017-01-17,2017-01-17 05:00:35.048,53.95,40,53.97,18,E,,Nymex_WTI,3,2017,2017-02-21,CL,2017,1
2017-01-03,2017-01-03 11:43:22.117,53.79,2,53.8,7,E,,Nymex_WTI,3,2017,2017-02-21,CL,2017,1
2017-01-17,2017-01-17 05:00:35.151,53.95,40,53.97,17,E,,Nymex_WTI,3,2017,2017-02-21,CL,2017,1
2017-01-03,2017-01-03 11:43:22.117,53.79,4,53.8,7,E,,Nymex_WTI,3,2017,2017-02-21,CL,2017,1
2017-01-17,2017-01-17 05:00:35.151,53.95,40,53.97,18,E,,Nymex_WTI,3,2017,2017-02-21,CL,2017,1
2017-01-03,2017-01-03 11:43:22.117,53.79,3,53.8,7,E,,Nymex_WTI,3,2017,2017-02-21,CL,2017,1
2017-01-17,2017-01-17 05:00:35.151,53.95,40,53.97,17,E,,Nymex_WTI,3,2017,2017-02-21,CL,2017,1
2017-01-03,2017-01-03 11:43:22.117,53.79,4,53.8,7,E,,Nymex_WTI,3,2017,2017-02-21,CL,2017,1
2017-01-17,2017-01-17 05:00:35.157,53.95,40,53.97,18,E,,Nymex_WTI,3,2017,2017-02-21,CL,2017,1
2017-01-03,2017-01-03 11:43:22.117,53.79,5,53.8,7,E,,Nymex_WTI,3,2017,2017-02-21,CL,2017,1
2017-01-17,2017-01-17 05:00:35.17,53.95,37,53.97,18,E,,Nymex_WTI,3,2017,2017-02-21,CL,2017,1
2017-01-03,2017-01-03 11:43:22.117,53.79,6,53.8,7,E,,Nymex_WTI,3,2017,2017-02-21,CL,2017,1
2017-01-17,2017-01-17 05:00:35.178,53.95,37,53.97,19,E,,Nymex_WTI,3,2017,2017-02-21,CL,2017,1
2017-01-03,2017-01-03 11:43:22.117,53.79,6,53.8,4,E,,Nymex_WTI,3,2017,2017-02-21,CL,2017,1
2017-01-17,2017-01-17 05:00:35.178,53.95,37,53.97,20,E,,Nymex_WTI,3,2017,2017-02-21,CL,2017,1
2017-01-03,2017-01-03 11:43:22.121,53.79,6,53.8,2,E,,Nymex_WTI,3,2017,2017-02-21,CL,2017,1
2017-01-17,2017-01-17 05:00:35.178,53.95,36,53.97,20,E,,Nymex_WTI,3,2017,2017-02-21,CL,2017,1
2017-01-03,2017-01-03 11:43:22.121,53.79,6,53.8,1,E,,Nymex_WTI,3,2017,2017-02-21,CL,2017,1
2017-01-17,2017-01-17 05:00:35.215,53.95,36,53.97,21,E,,Nymex_WTI,3,2017,2017-02-21,CL,2017,1
2017-01-03,2017-01-03 11:43:22.121,53.79,6,53.81,39,E,,Nymex_WTI,3,2017,2017-02-21,CL,2017,1
2017-01-17,2017-01-17 05:00:35.24,53.95,36,53.97,23,E,,Nymex_WTI,3,2017,2017-02-21,CL,2017,1
2017-01-03,2017-01-03 11:43:22.125,53.79,8,53.81,39,E,,Nymex_WTI,3,2017,2017-02-21,CL,2017,1
2017-01-17,2017-01-17 05:00:35.24,53.95,36,53.97,25,E,,Nymex_WTI,3,2017,2017-02-21,CL,2017,1
2017-01-03,2017-01-03 11:43:22.125,53.79,9,53.81,39,E,,Nymex_WTI,3,2017,2017-02-21,CL,2017,1
2017-01-17,2017-01-17 05:00:35.24,53.95,35,53.97,25,E,,Nymex_WTI,3,2017,2017-02-21,CL,2017,1
2017-01-03,2017-01-03 11:43:22.125,53.79,10,53.81,39,E,,Nymex_WTI,3,2017,2017-02-21,CL,2017,1
2017-01-17,2017-01-17 05:00:35.252,53.95,35,53.97,26,E,,Nymex_WTI,3,2017,2017-02-21,CL,2017,1
2017-01-03,2017-01-03 11:43:22.128,53.79,11,53.81,39,E,,Nymex_WTI,3,2017,2017-02-21,CL,2017,1
2017-01-17,2017-01-17 05:00:35.552,53.95,34,53.97,26,E,,Nymex_WTI,3,2017,2017-02-21,CL,2017,1
2017-01-03,2017-01-03 11:43:22.128,53.79,12,53.81,39,E,,Nymex_WTI,3,2017,2017-02-21,CL,2017,1
2017-01-17,2017-01-17 05:00:35.552,53.95,33,53.97,26,E,,Nymex_WTI,3,2017,2017-02-21,CL,2017,1
2017-01-03,2017-01-03 11:43:22.128,53.79,10,53.81,39,E,,Nymex_WTI,3,2017,2017-02-21,CL,2017,1
2017-01-17,2017-01-17 05:00:35.552,53.95,33,53.97,27,E,,Nymex_WTI,3,2017,2017-02-21,CL,2017,1
2017-01-03,2017-01-03 11:43:22.128,53.79,9,53.81,39,E,,Nymex_WTI,3,2017,2017-02-21,CL,2017,1
2017-01-17,2017-01-17 05:00:35.552,53.95,32,53.97,27,E,,Nymex_WTI,3,2017,2017-02-21,CL,2017,1
2017-01-03,2017-01-03 11:43:22.128,53.79,12,53.81,39,E,,Nymex_WTI,3,2017,2017-02-21,CL,2017,1
2017-01-17,2017-01-17 05:00:35.856,53.95,32,53.97,26,E,,Nymex_WTI,3,2017,2017-02-21,CL,2017,1
2017-01-03,2017-01-03 11:43:22.128,53.79,11,53.81,39,E,,Nymex_WTI,3,2017,2017-02-21,CL,2017,1
2017-01-17,2017-01-17 05:00:36.183,53.95,31,53.97,26,E,,Nymex_WTI,3,2017,2017-02-21,CL,2017,1
2017-01-03,2017-01-03 11:43:22.128,53.79,10,53.81,39,E,,Nymex_WTI,3,2017,2017-02-21,CL,2017,1
2017-01-17,2017-01-17 05:00:36.225,53.95,30,53.97,26,E,,Nymex_WTI,3,2017,2017-02-21,CL,2017,1
2017-01-03,2017-01-03 11:43:22.134,53.79,12,53.81,39,E,,Nymex_WTI,3,2017,2017-02-21,CL,2017,1
2017-01-17,2017-01-17 05:00:36.357,53.95,30,53.97,27,E,,Nymex_WTI,3,2017,2017-02-21,CL,2017,1
2017-01-03,2017-01-03 11:43:22.134,53.79,13,53.81,39,E,,Nymex_WTI,3,2017,2017-02-21,CL,2017,1
2017-01-17,2017-01-17 05:00:36.357,53.95,27,53.97,27,E,,Nymex_WTI,3,2017,2017-02-21,CL,2017,1
2017-01-03,2017-01-03 11:43:22.134,53.79,15,53.81,39,E,,Nymex_WTI,3,2017,2017-02-21,CL,2017,1
2017-01-17,2017-01-17 05:00:37.067,53.95,27,53.97,26,E,,Nymex_WTI,3,2017,2017-02-21,CL,2017,1
2017-01-03,2017-01-03 11:43:22.134,53.79,16,53.81,39,E,,Nymex_WTI,3,2017,2017-02-21,CL,2017,1
2017-01-17,2017-01-17 05:00:37.067,53.95,29,53.97,26,E,,Nymex_WTI,3,2017,2017-02-21,CL,2017,1
2017-01-03,2017-01-03 11:43:22.134,53.79,16,53.81,38,E,,Nymex_WTI,3,2017,2017-02-21,CL,2017,1
2017-01-17,2017-01-17 05:00:37.134,53.95,32,53.97,26,E,,Nymex_WTI,3,2017,2017-02-21,CL,2017,1
2017-01-03,2017-01-03 11:43:22.134,53.79,16,53.81,33,E,,Nymex_WTI,3,2017,2017-02-21,CL,2017,1
2017-01-17,2017-01-17 05:00:37.134,53.95,32,53.97,25,E,,Nymex_WTI,3,2017,2017-02-21,CL,2017,1
2017-01-03,2017-01-03 11:43:22.134,53.79,16,53.81,31,E,,Nymex_WTI,3,2017,2017-02-21,CL,2017,1
2017-01-17,2017-01-17 05:00:37.134,53.95,34,53.97,25,E,,Nymex_WTI,3,2017,2017-02-21,CL,2017,1
2017-01-03,2017-01-03 11:43:22.134,53.79,16,53.81,30,E,,Nymex_WTI,3,2017,2017-02-21,CL,2017,1
2017-01-17,2017-01-17 05:00:37.134,53.95,34,53.97,23,E,,Nymex_WTI,3,2017,2017-02-21,CL,2017,1
2017-01-03,2017-01-03 11:43:22.134,53.79,19,53.81,30,E,,Nymex_WTI,3,2017,2017-02-21,CL,2017,1
2017-01-17,2017-01-17 05:00:37.426,53.95,34,53.97,22,E,,Nymex_WTI,3,2017,2017-02-21,CL,2017,1
2017-01-03,2017-01-03 11:43:22.139,53.79,18,53.81,30,E,,Nymex_WTI,3,2017,2017-02-21,CL,2017,1
2017-01-17,2017-01-17 05:00:37.426,53.96,1,53.97,22,E,,Nymex_WTI,3,2017,2017-02-21,CL,2017,1
2017-01-03,2017-01-03 11:43:22.157,53.79,18,53.81,31,E,,Nymex_WTI,3,2017,2017-02-21,CL,2017,1
2017-01-17,2017-01-17 05:00:37.426,53.96,1,53.97,21,E,,Nymex_WTI,3,2017,2017-02-21,CL,2017,1
2017-01-03,2017-01-03 11:43:22.314,53.79,18,53.81,36,E,,Nymex_WTI,3,2017,2017-02-21,CL,2017,1
2017-01-17,2017-01-17 05:00:37.426,53.96,1,53.97,20,E,,Nymex_WTI,3,2017,2017-02-21,CL,2017,1
2017-01-03,2017-01-03 11:43:22.314,53.79,16,53.81,36,E,,Nymex_WTI,3,2017,2017-02-21,CL,2017,1
2017-01-17,2017-01-17 05:00:37.426,53.96,1,53.97,19,E,,Nymex_WTI,3,2017,2017-02-21,CL,2017,1
2017-01-03,2017-01-03 11:43:22.314,53.79,15,53.81,36,E,,Nymex_WTI,3,2017,2017-02-21,CL,2017,1
2017-01-17,2017-01-17 05:00:37.471,53.96,1,53.97,18,E,,Nymex_WTI,3,2017,2017-02-21,CL,2017,1
2017-01-03,2017-01-03 11:43:22.33,53.79,15,53.81,37,E,,Nymex_WTI,3,2017,2017-02-21,CL,2017,1
2017-01-17,2017-01-17 05:00:37.471,53.96,1,53.97,17,E,,Nymex_WTI,3,2017,2017-02-21,CL,2017,1
2017-01-03,2017-01-03 11:43:22.347,53.79,19,53.81,37,E,,Nymex_WTI,3,2017,2017-02-21,CL,2017,1
2017-01-17,2017-01-17 05:00:37.471,53.96,2,53.97,17,E,,Nymex_WTI,3,2017,2017-02-21,CL,2017,1
2017-01-03,2017-01-03 11:43:22.347,53.79,19,53.81,39,E,,Nymex_WTI,3,2017,2017-02-21,CL,2017,1
2017-01-17,2017-01-17 05:00:37.471,53.96,5,53.97,17,E,,Nymex_WTI,3,2017,2017-02-21,CL,2017,1
2017-01-03,2017-01-03 11:43:22.376,53.79,20,53.81,39,E,,Nymex_WTI,3,2017,2017-02-21,CL,2017,1
2017-01-17,2017-01-17 05:00:37.471,53.96,5,53.97,16,E,,Nymex_WTI,3,2017,2017-02-21,CL,2017,1
2017-01-03,2017-01-03 11:43:22.411,53.79,21,53.81,39,E,,Nymex_WTI,3,2017,2017-02-21,CL,2017,1
2017-01-17,2017-01-17 05:00:37.471,53.96,5,53.97,15,E,,Nymex_WTI,3,2017,2017-02-21,CL,2017,1
2017-01-03,2017-01-03 11:43:22.516,53.79,21,53.81,38,E,,Nymex_WTI,3,2017,2017-02-21,CL,2017,1
2017-01-17,2017-01-17 05:00:37.894,53.96,5,53.97,13,E,,Nymex_WTI,3,2017,2017-02-21,CL,2017,1
2017-01-03,2017-01-03 11:43:22.516,53.79,25,53.81,38,E,,Nymex_WTI,3,2017,2017-02-21,CL,2017,1
2017-01-17,2017-01-17 05:00:37.894,53.96,5,53.97,12,E,,Nymex_WTI,3,2017,2017-02-21,CL,2017,1
2017-01-03,2017-01-03 11:43:22.516,53.79,26,53.81,38,E,,Nymex_WTI,3,2017,2017-02-21,CL,2017,1
2017-01-17,2017-01-17 05:00:37.899,53.96,5,53.97,10,E,,Nymex_WTI,3,2017,2017-02-21,CL,2017,1
2017-01-03,2017-01-03 11:43:22.516,53.79,25,53.81,38,E,,Nymex_WTI,3,2017,2017-02-21,CL,2017,1
2017-01-17,2017-01-17 05:00:37.899,53.96,5,53.97,11,E,,Nymex_WTI,3,2017,2017-02-21,CL,2017,1
2017-01-03,2017-01-03 11:43:22.809,53.79,27,53.81,38,E,,Nymex_WTI,3,2017,2017-02-21,CL,2017,1
2017-01-17,2017-01-17 05:00:37.943,53.96,5,53.97,12,E,,Nymex_WTI,3,2017,2017-02-21,CL,2017,1
2017-01-03,2017-01-03 11:43:22.855,53.79,26,53.81,38,E,,Nymex_WTI,3,2017,2017-02-21,CL,2017,1
2017-01-17,2017-01-17 05:00:37.943,53.96,5,53.97,13,E,,Nymex_WTI,3,2017,2017-02-21,CL,2017,1
2017-01-03,2017-01-03 11:43:22.855,53.79,25,53.81,38,E,,Nymex_WTI,3,2017,2017-02-21,CL,2017,1
2017-01-17,2017-01-17 05:00:37.943,53.96,5,53.97,14,E,,Nymex_WTI,3,2017,2017-02-21,CL,2017,1
2017-01-03,2017-01-03 11:43:22.855,53.79,24,53.81,38,E,,Nymex_WTI,3,2017,2017-02-21,CL,2017,1
2017-01-17,2017-01-17 05:00:37.943,53.96,4,53.97,14,E,,Nymex_WTI,3,2017,2017-02-21,CL,2017,1
2017-01-03,2017-01-03 11:43:22.961,53.79,24,53.81,39,E,,Nymex_WTI,3,2017,2017-02-21,CL,2017,1
2017-01-17,2017-01-17 05:00:37.943,53.96,1,53.97,14,E,,Nymex_WTI,3,2017,2017-02-21,CL,2017,1
2017-01-03,2017-01-03 11:43:23.074,53.79,23,53.81,39,E,,Nymex_WTI,3,2017,2017-02-21,CL,2017,1
2017-01-17,2017-01-17 05:00:37.943,53.96,1,53.97,15,E,,Nymex_WTI,3,2017,2017-02-21,CL,2017,1
2017-01-03,2017-01-03 11:43:23.211,53.79,24,53.81,39,E,,Nymex_WTI,3,2017,2017-02-21,CL,2017,1
2017-01-17,2017-01-17 05:00:37.943,53.96,1,53.97,17,E,,Nymex_WTI,3,2017,2017-02-21,CL,2017,1
2017-01-03,2017-01-03 11:43:23.211,53.79,23,53.81,39,E,,Nymex_WTI,3,2017,2017-02-21,CL,2017,1
2017-01-17,2017-01-17 05:00:37.943,53.96,1,53.97,18,E,,Nymex_WTI,3,2017,2017-02-21,CL,2017,1
2017-01-03,2017-01-03 11:43:23.218,53.79,18,53.81,39,E,,Nymex_WTI,3,2017,2017-02-21,CL,2017,1
2017-01-17,2017-01-17 05:00:37.943,53.96,1,53.97,19,E,,Nymex_WTI,3,2017,2017-02-21,CL,2017,1
2017-01-03,2017-01-03 11:43:23.26,53.79,18,53.81,38,E,,Nymex_WTI,3,2017,2017-02-21,CL,2017,1
2017-01-17,2017-01-17 05:00:37.943,53.95,42,53.97,19,E,,Nymex_WTI,3,2017,2017-02-21,CL,2017,1
2017-01-03,2017-01-03 11:43:23.26,53.79,21,53.81,38,E,,Nymex_WTI,3,2017,2017-02-21,CL,2017,1
2017-01-17,2017-01-17 05:00:37.946,53.95,38,53.97,19,E,,Nymex_WTI,3,2017,2017-02-21,CL,2017,1
2017-01-03,2017-01-03 11:43:23.26,53.79,22,53.81,38,E,,Nymex_WTI,3,2017,2017-02-21,CL,2017,1
2017-01-17,2017-01-17 05:00:37.946,53.95,38,53.97,21,E,,Nymex_WTI,3,2017,2017-02-21,CL,2017,1
2017-01-03,2017-01-03 11:43:23.5,53.79,29,53.81,38,E,,Nymex_WTI,3,2017,2017-02-21,CL,2017,1
2017-01-17,2017-01-17 05:00:38.075,53.95,38,53.97,20,E,,Nymex_WTI,3,2017,2017-02-21,CL,2017,1
2017-01-03,2017-01-03 11:43:23.5,53.79,29,53.81,37,E,,Nymex_WTI,3,2017,2017-02-21,CL,2017,1
2017-01-17,2017-01-17 05:00:38.075,53.95,38,53.97,18,E,,Nymex_WTI,3,2017,2017-02-21,CL,2017,1
2017-01-03,2017-01-03 11:43:23.5,53.79,17,53.81,37,E,,Nymex_WTI,3,2017,2017-02-21,CL,2017,1
2017-01-17,2017-01-17 05:00:38.075,53.95,38,53.97,17,E,,Nymex_WTI,3,2017,2017-02-21,CL,2017,1
2017-01-03,2017-01-03 11:43:23.5,53.79,19,53.81,37,E,,Nymex_WTI,3,2017,2017-02-21,CL,2017,1
2017-01-17,2017-01-17 05:00:38.075,53.95,38,53.97,16,E,,Nymex_WTI,3,2017,2017-02-21,CL,2017,1
2017-01-03,2017-01-03 11:43:23.5,53.79,19,53.81,32,E,,Nymex_WTI,3,2017,2017-02-21,CL,2017,1
2017-01-17,2017-01-17 05:00:38.075,53.96,1,53.97,16,E,,Nymex_WTI,3,2017,2017-02-21,CL,2017,1
2017-01-03,2017-01-03 11:43:23.5,53.79,20,53.81,32,E,,Nymex_WTI,3,2017,2017-02-21,CL,2017,1
2017-01-17,2017-01-17 05:00:38.075,53.96,2,53.97,16,E,,Nymex_WTI,3,2017,2017-02-21,CL,2017,1
2017-01-03,2017-01-03 11:43:23.5,53.79,21,53.81,32,E,,Nymex_WTI,3,2017,2017-02-21,CL,2017,1
2017-01-17,2017-01-17 05:00:38.075,53.96,2,53.97,15,E,,Nymex_WTI,3,2017,2017-02-21,CL,2017,1
2017-01-03,2017-01-03 11:43:23.5,53.79,23,53.81,32,E,,Nymex_WTI,3,2017,2017-02-21,CL,2017,1
2017-01-17,2017-01-17 05:00:38.075,53.96,2,53.97,13,E,,Nymex_WTI,3,2017,2017-02-21,CL,2017,1
2017-01-03,2017-01-03 11:43:23.5,53.79,24,53.81,32,E,,Nymex_WTI,3,2017,2017-02-21,CL,2017,1
2017-01-17,2017-01-17 05:00:38.075,53.96,3,53.97,13,E,,Nymex_WTI,3,2017,2017-02-21,CL,2017,1
2017-01-03,2017-01-03 11:43:23.5,53.8,1,53.81,32,E,,Nymex_WTI,3,2017,2017-02-21,CL,2017,1
2017-01-17,2017-01-17 05:00:38.075,53.96,6,53.97,13,E,,Nymex_WTI,3,2017,2017-02-21,CL,2017,1
2017-01-03,2017-01-03 11:43:23.503,53.8,2,53.81,32,E,,Nymex_WTI,3,2017,2017-02-21,CL,2017,1
2017-01-17,2017-01-17 05:00:38.081,53.96,5,53.97,13,E,,Nymex_WTI,3,2017,2017-02-21,CL,2017,1
2017-01-03,2017-01-03 11:43:23.553,53.8,2,53.81,30,E,,Nymex_WTI,3,2017,2017-02-21,CL,2017,1
2017-01-17,2017-01-17 05:00:38.252,53.96,5,53.97,12,E,,Nymex_WTI,3,2017,2017-02-21,CL,2017,1
2017-01-03,2017-01-03 11:43:23.714,53.8,2,53.81,16,E,,Nymex_WTI,3,2017,2017-02-21,CL,2017,1
2017-01-17,2017-01-17 05:00:38.252,53.96,5,53.97,10,E,,Nymex_WTI,3,2017,2017-02-21,CL,2017,1
2017-01-03,2017-01-03 11:43:23.714,53.8,2,53.81,4,E,,Nymex_WTI,3,2017,2017-02-21,CL,2017,1
2017-01-17,2017-01-17 05:00:38.252,53.96,5,53.97,12,E,,Nymex_WTI,3,2017,2017-02-21,CL,2017,1
2017-01-03,2017-01-03 11:43:23.714,53.8,2,53.81,3,E,,Nymex_WTI,3,2017,2017-02-21,CL,2017,1
2017-01-17,2017-01-17 05:00:38.608,53.96,5,53.97,10,E,,Nymex_WTI,3,2017,2017-02-21,CL,2017,1
2017-01-03,2017-01-03 11:43:23.718,53.8,3,53.81,3,E,,Nymex_WTI,3,2017,2017-02-21,CL,2017,1
2017-01-17,2017-01-17 05:00:38.611,53.96,5,53.97,9,E,,Nymex_WTI,3,2017,2017-02-21,CL,2017,1
2017-01-03,2017-01-03 11:43:23.718,53.8,4,53.81,3,E,,Nymex_WTI,3,2017,2017-02-21,CL,2017,1
2017-01-17,2017-01-17 05:00:38.611,53.96,5,53.97,6,E,,Nymex_WTI,3,2017,2017-02-21,CL,2017,1
2017-01-03,2017-01-03 11:43:23.718,53.8,4,53.81,1,E,,Nymex_WTI,3,2017,2017-02-21,CL,2017,1
2017-01-17,2017-01-17 05:00:38.611,53.96,5,53.97,5,E,,Nymex_WTI,3,2017,2017-02-21,CL,2017,1
2017-01-03,2017-01-03 11:43:23.718,53.8,6,53.81,1,E,,Nymex_WTI,3,2017,2017-02-21,CL,2017,1
2017-01-17,2017-01-17 05:00:38.611,53.96,6,53.97,5,E,,Nymex_WTI,3,2017,2017-02-21,CL,2017,1
2017-01-03,2017-01-03 11:43:23.72,53.8,7,53.81,1,E,,Nymex_WTI,3,2017,2017-02-21,CL,2017,1
2017-01-17,2017-01-17 05:00:38.611,53.96,7,53.97,5,E,,Nymex_WTI,3,2017,2017-02-21,CL,2017,1
2017-01-03,2017-01-03 11:43:23.72,53.8,10,53.81,1,E,,Nymex_WTI,3,2017,2017-02-21,CL,2017,1
2017-01-17,2017-01-17 05:00:38.611,53.96,8,53.97,5,E,,Nymex_WTI,3,2017,2017-02-21,CL,2017,1
2017-01-03,2017-01-03 11:43:23.72,53.8,10,53.82,47,E,,Nymex_WTI,3,2017,2017-02-21,CL,2017,1
2017-01-17,2017-01-17 05:00:38.611,53.96,9,53.97,5,E,,Nymex_WTI,3,2017,2017-02-21,CL,2017,1
2017-01-03,2017-01-03 11:43:23.72,53.8,12,53.82,47,E,,Nymex_WTI,3,2017,2017-02-21,CL,2017,1
2017-01-17,2017-01-17 05:00:38.615,53.96,9,53.97,4,E,,Nymex_WTI,3,2017,2017-02-21,CL,2017,1
2017-01-03,2017-01-03 11:43:23.724,53.8,12,53.82,46,E,,Nymex_WTI,3,2017,2017-02-21,CL,2017,1
2017-01-17,2017-01-17 05:00:38.615,53.96,10,53.97,4,E,,Nymex_WTI,3,2017,2017-02-21,CL,2017,1
2017-01-03,2017-01-03 11:43:23.724,53.8,12,53.82,45,E,,Nymex_WTI,3,2017,2017-02-21,CL,2017,1
2017-01-17,2017-01-17 05:00:38.615,53.96,11,53.97,4,E,,Nymex_WTI,3,2017,2017-02-21,CL,2017,1
2017-01-03,2017-01-03 11:43:23.724,53.8,14,53.82,45,E,,Nymex_WTI,3,2017,2017-02-21,CL,2017,1
2017-01-17,2017-01-17 05:00:38.615,53.96,12,53.97,4,E,,Nymex_WTI,3,2017,2017-02-21,CL,2017,1
2017-01-03,2017-01-03 11:43:23.724,53.81,2,53.82,45,E,,Nymex_WTI,3,2017,2017-02-21,CL,2017,1
2017-01-17,2017-01-17 05:00:38.615,53.96,15,53.97,4,E,,Nymex_WTI,3,2017,2017-02-21,CL,2017,1
2017-01-03,2017-01-03 11:43:23.724,53.81,2,53.82,44,E,,Nymex_WTI,3,2017,2017-02-21,CL,2017,1
2017-01-17,2017-01-17 05:00:38.615,53.96,15,53.97,2,E,,Nymex_WTI,3,2017,2017-02-21,CL,2017,1
2017-01-03,2017-01-03 11:43:23.724,53.81,2,53.82,43,E,,Nymex_WTI,3,2017,2017-02-21,CL,2017,1
2017-01-17,2017-01-17 05:00:38.615,53.96,12,53.97,2,E,,Nymex_WTI,3,2017,2017-02-21,CL,2017,1
2017-01-03,2017-01-03 11:43:23.727,53.81,2,53.82,42,E,,Nymex_WTI,3,2017,2017-02-21,CL,2017,1
2017-01-17,2017-01-17 05:00:38.62,53.96,11,53.97,2,E,,Nymex_WTI,3,2017,2017-02-21,CL,2017,1
2017-01-03,2017-01-03 11:43:23.731,53.81,2,53.82,41,E,,Nymex_WTI,3,2017,2017-02-21,CL,2017,1
2017-01-17,2017-01-17 05:00:38.62,53.96,10,53.97,2,E,,Nymex_WTI,3,2017,2017-02-21,CL,2017,1
2017-01-03,2017-01-03 11:43:23.731,53.81,1,53.82,41,E,,Nymex_WTI,3,2017,2017-02-21,CL,2017,1
2017-01-17,2017-01-17 05:00:38.62,53.96,9,53.97,2,E,,Nymex_WTI,3,2017,2017-02-21,CL,2017,1
2017-01-03,2017-01-03 11:43:23.735,53.81,1,53.82,36,E,,Nymex_WTI,3,2017,2017-02-21,CL,2017,1
2017-01-17,2017-01-17 05:00:38.62,53.96,9,53.97,3,E,,Nymex_WTI,3,2017,2017-02-21,CL,2017,1
2017-01-03,2017-01-03 11:43:23.735,53.8,25,53.82,36,E,,Nymex_WTI,3,2017,2017-02-21,CL,2017,1
2017-01-17,2017-01-17 05:00:38.62,53.96,9,53.97,4,E,,Nymex_WTI,3,2017,2017-02-21,CL,2017,1
2017-01-03,2017-01-03 11:43:23.738,53.8,25,53.82,34,E,,Nymex_WTI,3,2017,2017-02-21,CL,2017,1
2017-01-17,2017-01-17 05:00:38.62,53.96,9,53.97,6,E,,Nymex_WTI,3,2017,2017-02-21,CL,2017,1
2017-01-03,2017-01-03 11:43:23.738,53.8,26,53.82,34,E,,Nymex_WTI,3,2017,2017-02-21,CL,2017,1
2017-01-17,2017-01-17 05:00:38.625,53.96,9,53.97,7,E,,Nymex_WTI,3,2017,2017-02-21,CL,2017,1
2017-01-03,2017-01-03 11:43:23.738,53.8,26,53.82,33,E,,Nymex_WTI,3,2017,2017-02-21,CL,2017,1
2017-01-17,2017-01-17 05:00:38.625,53.96,8,53.97,7,E,,Nymex_WTI,3,2017,2017-02-21,CL,2017,1
2017-01-03,2017-01-03 11:43:23.738,53.8,24,53.82,33,E,,Nymex_WTI,3,2017,2017-02-21,CL,2017,1
2017-01-17,2017-01-17 05:00:38.671,53.96,8,53.97,8,E,,Nymex_WTI,3,2017,2017-02-21,CL,2017,1
2017-01-03,2017-01-03 11:43:23.738,53.8,25,53.82,33,E,,Nymex_WTI,3,2017,2017-02-21,CL,2017,1
2017-01-17,2017-01-17 05:00:39.112,53.96,8,53.97,7,E,,Nymex_WTI,3,2017,2017-02-21,CL,2017,1
2017-01-03,2017-01-03 11:43:23.742,53.8,25,53.82,32,E,,Nymex_WTI,3,2017,2017-02-21,CL,2017,1
2017-01-17,2017-01-17 05:00:39.324,53.96,8,53.97,6,E,,Nymex_WTI,3,2017,2017-02-21,CL,2017,1
2017-01-03,2017-01-03 11:43:23.742,53.8,25,53.82,31,E,,Nymex_WTI,3,2017,2017-02-21,CL,2017,1
2017-01-17,2017-01-17 05:00:39.392,53.96,8,53.97,5,E,,Nymex_WTI,3,2017,2017-02-21,CL,2017,1
2017-01-03,2017-01-03 11:43:23.742,53.8,24,53.82,31,E,,Nymex_WTI,3,2017,2017-02-21,CL,2017,1
2017-01-17,2017-01-17 05:00:39.642,53.96,8,53.97,4,E,,Nymex_WTI,3,2017,2017-02-21,CL,2017,1
2017-01-03,2017-01-03 11:43:23.742,53.8,23,53.82,31,E,,Nymex_WTI,3,2017,2017-02-21,CL,2017,1
2017-01-17,2017-01-17 05:00:40.367,53.96,8,53.97,3,E,,Nymex_WTI,3,2017,2017-02-21,CL,2017,1
2017-01-03,2017-01-03 11:43:23.746,53.8,23,53.82,29,E,,Nymex_WTI,3,2017,2017-02-21,CL,2017,1
2017-01-17,2017-01-17 05:00:40.367,53.96,8,53.97,4,E,,Nymex_WTI,3,2017,2017-02-21,CL,2017,1
2017-01-03,2017-01-03 11:43:23.751,53.8,23,53.82,30,E,,Nymex_WTI,3,2017,2017-02-21,CL,2017,1
2017-01-17,2017-01-17 05:00:40.533,53.96,8,53.97,3,E,,Nymex_WTI,3,2017,2017-02-21,CL,2017,1
2017-01-03,2017-01-03 11:43:23.751,53.8,23,53.82,29,E,,Nymex_WTI,3,2017,2017-02-21,CL,2017,1
2017-01-17,2017-01-17 05:00:40.533,53.96,8,53.97,2,E,,Nymex_WTI,3,2017,2017-02-21,CL,2017,1
2017-01-03,2017-01-03 11:43:23.751,53.8,23,53.82,30,E,,Nymex_WTI,3,2017,2017-02-21,CL,2017,1
2017-01-17,2017-01-17 05:00:41.022,53.96,3,53.97,2,E,,Nymex_WTI,3,2017,2017-02-21,CL,2017,1
2017-01-03,2017-01-03 11:43:23.757,53.8,24,53.82,30,E,,Nymex_WTI,3,2017,2017-02-21,CL,2017,1
2017-01-17,2017-01-17 05:00:41.022,53.96,3,53.97,3,E,,Nymex_WTI,3,2017,2017-02-21,CL,2017,1
2017-01-03,2017-01-03 11:43:23.76,53.8,23,53.82,30,E,,Nymex_WTI,3,2017,2017-02-21,CL,2017,1
2017-01-17,2017-01-17 05:00:41.022,53.96,3,53.97,4,E,,Nymex_WTI,3,2017,2017-02-21,CL,2017,1
2017-01-03,2017-01-03 11:43:23.76,53.8,20,53.82,30,E,,Nymex_WTI,3,2017,2017-02-21,CL,2017,1
2017-01-17,2017-01-17 05:00:41.026,53.96,3,53.97,5,E,,Nymex_WTI,3,2017,2017-02-21,CL,2017,1
2017-01-03,2017-01-03 11:43:23.76,53.8,19,53.82,30,E,,Nymex_WTI,3,2017,2017-02-21,CL,2017,1
2017-01-17,2017-01-17 05:00:41.026,53.96,2,53.97,5,E,,Nymex_WTI,3,2017,2017-02-21,CL,2017,1
2017-01-03,2017-01-03 11:43:23.76,53.8,19,53.82,31,E,,Nymex_WTI,3,2017,2017-02-21,CL,2017,1
2017-01-17,2017-01-17 05:00:41.026,53.96,2,53.97,6,E,,Nymex_WTI,3,2017,2017-02-21,CL,2017,1
2017-01-03,2017-01-03 11:43:23.76,53.8,19,53.82,33,E,,Nymex_WTI,3,2017,2017-02-21,CL,2017,1
2017-01-17,2017-01-17 05:00:41.026,53.96,2,53.97,7,E,,Nymex_WTI,3,2017,2017-02-21,CL,2017,1
2017-01-03,2017-01-03 11:43:23.76,53.8,18,53.82,33,E,,Nymex_WTI,3,2017,2017-02-21,CL,2017,1
2017-01-17,2017-01-17 05:00:41.026,53.96,2,53.97,10,E,,Nymex_WTI,3,2017,2017-02-21,CL,2017,1
2017-01-03,2017-01-03 11:43:23.76,53.8,18,53.82,34,E,,Nymex_WTI,3,2017,2017-02-21,CL,2017,1
2017-01-17,2017-01-17 05:00:41.026,53.96,2,53.97,9,E,,Nymex_WTI,3,2017,2017-02-21,CL,2017,1
2017-01-03,2017-01-03 11:43:23.76,53.8,21,53.82,34,E,,Nymex_WTI,3,2017,2017-02-21,CL,2017,1
2017-01-17,2017-01-17 05:00:41.026,53.96,2,53.97,8,E,,Nymex_WTI,3,2017,2017-02-21,CL,2017,1
2017-01-03,2017-01-03 11:43:23.76,53.8,18,53.82,34,E,,Nymex_WTI,3,2017,2017-02-21,CL,2017,1
2017-01-17,2017-01-17 05:00:41.114,53.96,2,53.97,7,E,,Nymex_WTI,3,2017,2017-02-21,CL,2017,1
2017-01-03,2017-01-03 11:43:23.76,53.8,17,53.82,34,E,,Nymex_WTI,3,2017,2017-02-21,CL,2017,1
2017-01-17,2017-01-17 05:00:41.114,53.96,3,53.97,7,E,,Nymex_WTI,3,2017,2017-02-21,CL,2017,1
2017-01-03,2017-01-03 11:43:23.76,53.8,16,53.82,34,E,,Nymex_WTI,3,2017,2017-02-21,CL,2017,1
2017-01-17,2017-01-17 05:00:41.114,53.96,6,53.97,7,E,,Nymex_WTI,3,2017,2017-02-21,CL,2017,1
2017-01-03,2017-01-03 11:43:23.765,53.8,18,53.82,34,E,,Nymex_WTI,3,2017,2017-02-21,CL,2017,1
2017-01-17,2017-01-17 05:00:41.119,53.96,6,53.97,4,E,,Nymex_WTI,3,2017,2017-02-21,CL,2017,1
2017-01-03,2017-01-03 11:43:23.765,53.8,18,53.82,35,E,,Nymex_WTI,3,2017,2017-02-21,CL,2017,1
2017-01-17,2017-01-17 05:00:41.13,53.96,6,53.97,5,E,,Nymex_WTI,3,2017,2017-02-21,CL,2017,1
2017-01-03,2017-01-03 11:43:23.818,53.8,18,53.82,40,E,,Nymex_WTI,3,2017,2017-02-21,CL,2017,1
2017-01-17,2017-01-17 05:00:41.209,53.96,5,53.97,5,E,,Nymex_WTI,3,2017,2017-02-21,CL,2017,1
2017-01-03,2017-01-03 11:43:23.818,53.8,18,53.82,41,E,,Nymex_WTI,3,2017,2017-02-21,CL,2017,1
2017-01-17,2017-01-17 05:00:41.209,53.96,5,53.97,4,E,,Nymex_WTI,3,2017,2017-02-21,CL,2017,1
2017-01-03,2017-01-03 11:43:23.818,53.8,16,53.82,41,E,,Nymex_WTI,3,2017,2017-02-21,CL,2017,1
2017-01-17,2017-01-17 05:00:41.215,53.96,5,53.97,7,E,,Nymex_WTI,3,2017,2017-02-21,CL,2017,1
2017-01-03,2017-01-03 11:43:23.818,53.8,16,53.82,42,E,,Nymex_WTI,3,2017,2017-02-21,CL,2017,1
2017-01-17,2017-01-17 05:00:41.215,53.96,5,53.97,8,E,,Nymex_WTI,3,2017,2017-02-21,CL,2017,1
2017-01-03,2017-01-03 11:43:23.844,53.8,18,53.82,42,E,,Nymex_WTI,3,2017,2017-02-21,CL,2017,1
2017-01-17,2017-01-17 05:00:41.215,53.96,5,53.97,9,E,,Nymex_WTI,3,2017,2017-02-21,CL,2017,1
2017-01-03,2017-01-03 11:43:23.866,53.8,18,53.82,41,E,,Nymex_WTI,3,2017,2017-02-21,CL,2017,1
2017-01-17,2017-01-17 05:00:41.215,53.96,5,53.97,10,E,,Nymex_WTI,3,2017,2017-02-21,CL,2017,1
2017-01-03,2017-01-03 11:43:23.87,53.8,18,53.82,40,E,,Nymex_WTI,3,2017,2017-02-21,CL,2017,1
2017-01-17,2017-01-17 05:00:41.322,53.96,5,53.97,9,E,,Nymex_WTI,3,2017,2017-02-21,CL,2017,1
2017-01-03,2017-01-03 11:43:23.87,53.8,18,53.82,39,E,,Nymex_WTI,3,2017,2017-02-21,CL,2017,1
2017-01-17,2017-01-17 05:00:41.332,53.96,5,53.97,7,E,,Nymex_WTI,3,2017,2017-02-21,CL,2017,1
2017-01-03,2017-01-03 11:43:23.87,53.8,21,53.82,39,E,,Nymex_WTI,3,2017,2017-02-21,CL,2017,1
2017-01-17,2017-01-17 05:00:41.332,53.96,5,53.97,4,E,,Nymex_WTI,3,2017,2017-02-21,CL,2017,1
2017-01-03,2017-01-03 11:43:23.87,53.8,22,53.82,39,E,,Nymex_WTI,3,2017,2017-02-21,CL,2017,1
2017-01-17,2017-01-17 05:00:41.521,53.96,5,53.97,7,E,,Nymex_WTI,3,2017,2017-02-21,CL,2017,1
2017-01-03,2017-01-03 11:43:23.87,53.8,24,53.82,39,E,,Nymex_WTI,3,2017,2017-02-21,CL,2017,1
2017-01-17,2017-01-17 05:00:41.822,53.96,6,53.97,7,E,,Nymex_WTI,3,2017,2017-02-21,CL,2017,1
2017-01-03,2017-01-03 11:43:23.87,53.8,26,53.82,39,E,,Nymex_WTI,3,2017,2017-02-21,CL,2017,1
2017-01-17,2017-01-17 05:00:42.013,53.96,6,53.97,8,E,,Nymex_WTI,3,2017,2017-02-21,CL,2017,1
2017-01-03,2017-01-03 11:43:23.87,53.81,1,53.82,39,E,,Nymex_WTI,3,2017,2017-02-21,CL,2017,1
2017-01-17,2017-01-17 05:00:42.144,53.96,7,53.97,8,E,,Nymex_WTI,3,2017,2017-02-21,CL,2017,1
2017-01-03,2017-01-03 11:43:23.87,53.81,1,53.82,34,E,,Nymex_WTI,3,2017,2017-02-21,CL,2017,1
2017-01-17,2017-01-17 05:00:43.273,53.96,7,53.97,5,E,,Nymex_WTI,3,2017,2017-02-21,CL,2017,1
2017-01-03,2017-01-03 11:43:23.87,53.81,1,53.82,33,E,,Nymex_WTI,3,2017,2017-02-21,CL,2017,1
2017-01-17,2017-01-17 05:00:43.513,53.96,6,53.97,5,E,,Nymex_WTI,3,2017,2017-02-21,CL,2017,1
2017-01-03,2017-01-03 11:43:23.875,53.81,1,53.82,32,E,,Nymex_WTI,3,2017,2017-02-21,CL,2017,1
2017-01-17,2017-01-17 05:00:43.522,53.96,6,53.97,6,E,,Nymex_WTI,3,2017,2017-02-21,CL,2017,1
2017-01-03,2017-01-03 11:43:23.875,53.81,2,53.82,32,E,,Nymex_WTI,3,2017,2017-02-21,CL,2017,1
2017-01-17,2017-01-17 05:00:43.522,53.96,5,53.97,6,E,,Nymex_WTI,3,2017,2017-02-21,CL,2017,1
2017-01-03,2017-01-03 11:43:23.875,53.81,2,53.82,31,E,,Nymex_WTI,3,2017,2017-02-21,CL,2017,1
2017-01-17,2017-01-17 05:00:43.53,53.96,5,53.97,8,E,,Nymex_WTI,3,2017,2017-02-21,CL,2017,1
2017-01-03,2017-01-03 11:43:23.875,53.81,2,53.82,28,E,,Nymex_WTI,3,2017,2017-02-21,CL,2017,1
2017-01-17,2017-01-17 05:00:43.89,53.96,5,53.97,7,E,,Nymex_WTI,3,2017,2017-02-21,CL,2017,1
2017-01-03,2017-01-03 11:43:23.875,53.81,2,53.82,27,E,,Nymex_WTI,3,2017,2017-02-21,CL,2017,1
2017-01-17,2017-01-17 05:00:43.89,53.96,5,53.97,6,E,,Nymex_WTI,3,2017,2017-02-21,CL,2017,1
2017-01-03,2017-01-03 11:43:24.344,53.81,2,53.82,25,E,,Nymex_WTI,3,2017,2017-02-21,CL,2017,1
2017-01-17,2017-01-17 05:00:44.145,53.96,8,53.97,6,E,,Nymex_WTI,3,2017,2017-02-21,CL,2017,1
2017-01-03,2017-01-03 11:43:24.648,53.81,2,53.82,24,E,,Nymex_WTI,3,2017,2017-02-21,CL,2017,1
2017-01-17,2017-01-17 05:00:44.145,53.96,9,53.97,6,E,,Nymex_WTI,3,2017,2017-02-21,CL,2017,1
2017-01-03,2017-01-03 11:43:24.672,53.81,2,53.82,25,E,,Nymex_WTI,3,2017,2017-02-21,CL,2017,1
2017-01-17,2017-01-17 05:00:44.145,53.96,9,53.97,5,E,,Nymex_WTI,3,2017,2017-02-21,CL,2017,1
2017-01-03,2017-01-03 11:43:25.068,53.81,2,53.82,24,E,,Nymex_WTI,3,2017,2017-02-21,CL,2017,1
2017-01-17,2017-01-17 05:00:44.145,53.96,8,53.97,5,E,,Nymex_WTI,3,2017,2017-02-21,CL,2017,1
2017-01-03,2017-01-03 11:43:25.208,53.81,2,53.82,25,E,,Nymex_WTI,3,2017,2017-02-21,CL,2017,1
2017-01-17,2017-01-17 05:00:44.151,53.96,9,53.97,5,E,,Nymex_WTI,3,2017,2017-02-21,CL,2017,1
2017-01-03,2017-01-03 11:43:25.277,53.81,2,53.82,20,E,,Nymex_WTI,3,2017,2017-02-21,CL,2017,1
2017-01-17,2017-01-17 05:00:44.188,53.96,10,53.97,5,E,,Nymex_WTI,3,2017,2017-02-21,CL,2017,1
2017-01-03,2017-01-03 11:43:25.277,53.81,2,53.82,18,E,,Nymex_WTI,3,2017,2017-02-21,CL,2017,1
2017-01-17,2017-01-17 05:00:44.188,53.96,11,53.97,5,E,,Nymex_WTI,3,2017,2017-02-21,CL,2017,1
2017-01-03,2017-01-03 11:43:25.277,53.81,2,53.82,17,E,,Nymex_WTI,3,2017,2017-02-21,CL,2017,1
2017-01-17,2017-01-17 05:00:44.239,53.96,13,53.97,5,E,,Nymex_WTI,3,2017,2017-02-21,CL,2017,1
2017-01-03,2017-01-03 11:43:25.277,53.81,2,53.82,16,E,,Nymex_WTI,3,2017,2017-02-21,CL,2017,1
2017-01-17,2017-01-17 05:00:44.421,53.96,13,53.97,6,E,,Nymex_WTI,3,2017,2017-02-21,CL,2017,1
2017-01-03,2017-01-03 11:43:25.277,53.81,2,53.82,17,E,,Nymex_WTI,3,2017,2017-02-21,CL,2017,1
2017-01-17,2017-01-17 05:00:44.421,53.96,13,53.97,5,E,,Nymex_WTI,3,2017,2017-02-21,CL,2017,1
2017-01-03,2017-01-03 11:43:25.282,53.81,2,53.82,15,E,,Nymex_WTI,3,2017,2017-02-21,CL,2017,1
2017-01-17,2017-01-17 05:00:44.421,53.96,12,53.97,5,E,,Nymex_WTI,3,2017,2017-02-21,CL,2017,1
2017-01-03,2017-01-03 11:43:25.282,53.81,3,53.82,15,E,,Nymex_WTI,3,2017,2017-02-21,CL,2017,1
2017-01-17,2017-01-17 05:00:44.421,53.96,14,53.97,5,E,,Nymex_WTI,3,2017,2017-02-21,CL,2017,1
2017-01-03,2017-01-03 11:43:25.282,53.81,3,53.82,16,E,,Nymex_WTI,3,2017,2017-02-21,CL,2017,1
2017-01-17,2017-01-17 05:00:44.579,53.96,16,53.97,5,E,,Nymex_WTI,3,2017,2017-02-21,CL,2017,1
2017-01-03,2017-01-03 11:43:25.282,53.81,6,53.82,16,E,,Nymex_WTI,3,2017,2017-02-21,CL,2017,1
2017-01-17,2017-01-17 05:00:44.579,53.96,16,53.97,4,E,,Nymex_WTI,3,2017,2017-02-21,CL,2017,1
2017-01-03,2017-01-03 11:43:25.282,53.81,6,53.82,15,E,,Nymex_WTI,3,2017,2017-02-21,CL,2017,1
2017-01-17,2017-01-17 05:00:44.579,53.96,19,53.97,4,E,,Nymex_WTI,3,2017,2017-02-21,CL,2017,1
2017-01-03,2017-01-03 11:43:25.282,53.81,6,53.82,14,E,,Nymex_WTI,3,2017,2017-02-21,CL,2017,1
2017-01-17,2017-01-17 05:00:44.579,53.96,19,53.97,3,E,,Nymex_WTI,3,2017,2017-02-21,CL,2017,1
2017-01-03,2017-01-03 11:43:25.282,53.81,7,53.82,14,E,,Nymex_WTI,3,2017,2017-02-21,CL,2017,1
2017-01-17,2017-01-17 05:00:44.579,53.96,19,53.97,1,E,,Nymex_WTI,3,2017,2017-02-21,CL,2017,1
2017-01-03,2017-01-03 11:43:25.282,53.81,7,53.82,15,E,,Nymex_WTI,3,2017,2017-02-21,CL,2017,1
2017-01-17,2017-01-17 05:00:44.579,53.96,20,53.97,1,E,,Nymex_WTI,3,2017,2017-02-21,CL,2017,1
2017-01-03,2017-01-03 11:43:25.282,53.81,7,53.82,14,E,,Nymex_WTI,3,2017,2017-02-21,CL,2017,1
2017-01-17,2017-01-17 05:00:44.579,53.96,22,53.97,1,E,,Nymex_WTI,3,2017,2017-02-21,CL,2017,1
2017-01-03,2017-01-03 11:43:25.282,53.81,7,53.82,13,E,,Nymex_WTI,3,2017,2017-02-21,CL,2017,1
2017-01-17,2017-01-17 05:00:45.043,53.96,21,53.97,1,E,,Nymex_WTI,3,2017,2017-02-21,CL,2017,1
2017-01-03,2017-01-03 11:43:25.282,53.81,7,53.82,12,E,,Nymex_WTI,3,2017,2017-02-21,CL,2017,1
2017-01-17,2017-01-17 05:00:45.043,53.96,19,53.97,1,E,,Nymex_WTI,3,2017,2017-02-21,CL,2017,1
2017-01-03,2017-01-03 11:43:25.282,53.81,7,53.82,11,E,,Nymex_WTI,3,2017,2017-02-21,CL,2017,1
2017-01-17,2017-01-17 05:00:45.545,53.96,18,53.97,1,E,,Nymex_WTI,3,2017,2017-02-21,CL,2017,1
2017-01-03,2017-01-03 11:43:25.286,53.81,7,53.82,3,E,,Nymex_WTI,3,2017,2017-02-21,CL,2017,1
2017-01-17,2017-01-17 05:00:45.691,53.96,17,53.97,1,E,,Nymex_WTI,3,2017,2017-02-21,CL,2017,1
2017-01-03,2017-01-03 11:43:25.286,53.81,7,53.82,2,E,,Nymex_WTI,3,2017,2017-02-21,CL,2017,1
2017-01-17,2017-01-17 05:00:45.691,53.96,14,53.97,1,E,,Nymex_WTI,3,2017,2017-02-21,CL,2017,1
2017-01-03,2017-01-03 11:43:25.289,53.81,9,53.82,2,E,,Nymex_WTI,3,2017,2017-02-21,CL,2017,1
2017-01-17,2017-01-17 05:00:45.691,53.96,14,53.97,2,E,,Nymex_WTI,3,2017,2017-02-21,CL,2017,1
2017-01-03,2017-01-03 11:43:25.289,53.81,9,53.82,1,E,,Nymex_WTI,3,2017,2017-02-21,CL,2017,1
2017-01-17,2017-01-17 05:00:45.691,53.96,14,53.97,3,E,,Nymex_WTI,3,2017,2017-02-21,CL,2017,1
2017-01-03,2017-01-03 11:43:25.289,53.81,11,53.82,1,E,,Nymex_WTI,3,2017,2017-02-21,CL,2017,1
2017-01-17,2017-01-17 05:00:45.691,53.96,13,53.97,3,E,,Nymex_WTI,3,2017,2017-02-21,CL,2017,1
2017-01-03,2017-01-03 11:43:25.293,53.81,12,53.82,1,E,,Nymex_WTI,3,2017,2017-02-21,CL,2017,1
2017-01-17,2017-01-17 05:00:45.691,53.96,11,53.97,3,E,,Nymex_WTI,3,2017,2017-02-21,CL,2017,1
2017-01-03,2017-01-03 11:43:25.293,53.81,12,53.83,35,E,,Nymex_WTI,3,2017,2017-02-21,CL,2017,1
2017-01-17,2017-01-17 05:00:45.743,53.96,12,53.97,3,E,,Nymex_WTI,3,2017,2017-02-21,CL,2017,1
2017-01-03,2017-01-03 11:43:25.293,53.81,14,53.83,35,E,,Nymex_WTI,3,2017,2017-02-21,CL,2017,1
2017-01-17,2017-01-17 05:00:45.961,53.96,11,53.97,3,E,,Nymex_WTI,3,2017,2017-02-21,CL,2017,1
2017-01-03,2017-01-03 11:43:25.293,53.81,17,53.83,35,E,,Nymex_WTI,3,2017,2017-02-21,CL,2017,1
2017-01-17,2017-01-17 05:00:46.586,53.96,13,53.97,3,E,,Nymex_WTI,3,2017,2017-02-21,CL,2017,1
2017-01-03,2017-01-03 11:43:25.293,53.81,18,53.83,35,E,,Nymex_WTI,3,2017,2017-02-21,CL,2017,1
2017-01-17,2017-01-17 05:00:46.586,53.96,13,53.97,2,E,,Nymex_WTI,3,2017,2017-02-21,CL,2017,1
2017-01-03,2017-01-03 11:43:25.298,53.81,19,53.83,35,E,,Nymex_WTI,3,2017,2017-02-21,CL,2017,1
2017-01-17,2017-01-17 05:00:46.586,53.96,14,53.97,2,E,,Nymex_WTI,3,2017,2017-02-21,CL,2017,1
2017-01-03,2017-01-03 11:43:25.298,53.81,20,53.83,35,E,,Nymex_WTI,3,2017,2017-02-21,CL,2017,1
2017-01-17,2017-01-17 05:00:46.586,53.96,15,53.97,2,E,,Nymex_WTI,3,2017,2017-02-21,CL,2017,1
2017-01-03,2017-01-03 11:43:25.298,53.81,19,53.83,35,E,,Nymex_WTI,3,2017,2017-02-21,CL,2017,1
2017-01-17,2017-01-17 05:00:46.591,53.96,13,53.97,2,E,,Nymex_WTI,3,2017,2017-02-21,CL,2017,1
2017-01-03,2017-01-03 11:43:25.303,53.81,17,53.83,35,E,,Nymex_WTI,3,2017,2017-02-21,CL,2017,1
2017-01-17,2017-01-17 05:00:46.591,53.96,13,53.97,5,E,,Nymex_WTI,3,2017,2017-02-21,CL,2017,1
2017-01-03,2017-01-03 11:43:25.303,53.81,14,53.83,35,E,,Nymex_WTI,3,2017,2017-02-21,CL,2017,1
2017-01-17,2017-01-17 05:00:48.122,53.96,12,53.97,5,E,,Nymex_WTI,3,2017,2017-02-21,CL,2017,1
2017-01-03,2017-01-03 11:43:25.303,53.81,12,53.83,35,E,,Nymex_WTI,3,2017,2017-02-21,CL,2017,1
2017-01-17,2017-01-17 05:00:48.427,53.96,15,53.97,5,E,,Nymex_WTI,3,2017,2017-02-21,CL,2017,1
2017-01-03,2017-01-03 11:43:25.312,53.81,15,53.83,35,E,,Nymex_WTI,3,2017,2017-02-21,CL,2017,1
2017-01-17,2017-01-17 05:00:48.446,53.96,17,53.97,5,E,,Nymex_WTI,3,2017,2017-02-21,CL,2017,1
2017-01-03,2017-01-03 11:43:25.312,53.81,15,53.83,34,E,,Nymex_WTI,3,2017,2017-02-21,CL,2017,1
2017-01-17,2017-01-17 05:00:48.812,53.96,17,53.97,4,E,,Nymex_WTI,3,2017,2017-02-21,CL,2017,1
2017-01-03,2017-01-03 11:43:25.318,53.81,15,53.83,35,E,,Nymex_WTI,3,2017,2017-02-21,CL,2017,1
2017-01-17,2017-01-17 05:00:49.255,53.96,17,53.97,5,E,,Nymex_WTI,3,2017,2017-02-21,CL,2017,1
2017-01-03,2017-01-03 11:43:25.324,53.81,15,53.83,34,E,,Nymex_WTI,3,2017,2017-02-21,CL,2017,1
2017-01-17,2017-01-17 05:00:50.106,53.96,16,53.97,5,E,,Nymex_WTI,3,2017,2017-02-21,CL,2017,1
2017-01-03,2017-01-03 11:43:25.329,53.81,15,53.83,35,E,,Nymex_WTI,3,2017,2017-02-21,CL,2017,1
2017-01-17,2017-01-17 05:00:50.745,53.96,19,53.97,5,E,,Nymex_WTI,3,2017,2017-02-21,CL,2017,1
2017-01-03,2017-01-03 11:43:25.334,53.81,12,53.83,35,E,,Nymex_WTI,3,2017,2017-02-21,CL,2017,1
2017-01-17,2017-01-17 05:00:50.745,53.96,21,53.97,5,E,,Nymex_WTI,3,2017,2017-02-21,CL,2017,1
2017-01-03,2017-01-03 11:43:25.334,53.81,11,53.83,35,E,,Nymex_WTI,3,2017,2017-02-21,CL,2017,1
2017-01-17,2017-01-17 05:00:50.745,53.96,19,53.97,5,E,,Nymex_WTI,3,2017,2017-02-21,CL,2017,1
2017-01-03,2017-01-03 11:43:25.344,53.81,9,53.83,35,E,,Nymex_WTI,3,2017,2017-02-21,CL,2017,1
2017-01-17,2017-01-17 05:00:50.745,53.96,18,53.97,5,E,,Nymex_WTI,3,2017,2017-02-21,CL,2017,1
2017-01-03,2017-01-03 11:43:25.346,53.81,9,53.82,1,E,,Nymex_WTI,3,2017,2017-02-21,CL,2017,1
2017-01-17,2017-01-17 05:00:51.245,53.96,20,53.97,5,E,,Nymex_WTI,3,2017,2017-02-21,CL,2017,1
2017-01-03,2017-01-03 11:43:25.346,53.81,9,53.82,2,E,,Nymex_WTI,3,2017,2017-02-21,CL,2017,1
2017-01-17,2017-01-17 05:00:51.481,53.96,20,53.97,2,E,,Nymex_WTI,3,2017,2017-02-21,CL,2017,1
2017-01-03,2017-01-03 11:43:25.346,53.81,9,53.82,3,E,,Nymex_WTI,3,2017,2017-02-21,CL,2017,1
2017-01-17,2017-01-17 05:00:51.481,53.96,20,53.97,1,E,,Nymex_WTI,3,2017,2017-02-21,CL,2017,1
2017-01-03,2017-01-03 11:43:25.346,53.81,9,53.82,4,E,,Nymex_WTI,3,2017,2017-02-21,CL,2017,1
2017-01-17,2017-01-17 05:00:51.511,53.96,20,53.97,3,E,,Nymex_WTI,3,2017,2017-02-21,CL,2017,1
2017-01-03,2017-01-03 11:43:25.348,53.81,9,53.82,6,E,,Nymex_WTI,3,2017,2017-02-21,CL,2017,1
2017-01-17,2017-01-17 05:00:51.55,53.96,15,53.97,3,E,,Nymex_WTI,3,2017,2017-02-21,CL,2017,1
2017-01-03,2017-01-03 11:43:25.348,53.81,9,53.82,7,E,,Nymex_WTI,3,2017,2017-02-21,CL,2017,1
2017-01-17,2017-01-17 05:00:51.55,53.96,15,53.97,5,E,,Nymex_WTI,3,2017,2017-02-21,CL,2017,1
2017-01-03,2017-01-03 11:43:25.348,53.81,9,53.82,8,E,,Nymex_WTI,3,2017,2017-02-21,CL,2017,1
2017-01-17,2017-01-17 05:00:51.55,53.96,13,53.97,5,E,,Nymex_WTI,3,2017,2017-02-21,CL,2017,1
2017-01-03,2017-01-03 11:43:25.348,53.81,8,53.82,8,E,,Nymex_WTI,3,2017,2017-02-21,CL,2017,1
2017-01-17,2017-01-17 05:00:51.55,53.96,12,53.97,5,E,,Nymex_WTI,3,2017,2017-02-21,CL,2017,1
2017-01-03,2017-01-03 11:43:25.352,53.81,8,53.82,10,E,,Nymex_WTI,3,2017,2017-02-21,CL,2017,1
2017-01-17,2017-01-17 05:00:51.55,53.96,12,53.97,6,E,,Nymex_WTI,3,2017,2017-02-21,CL,2017,1
2017-01-03,2017-01-03 11:43:25.352,53.81,8,53.82,8,E,,Nymex_WTI,3,2017,2017-02-21,CL,2017,1
2017-01-17,2017-01-17 05:00:51.553,53.96,12,53.97,9,E,,Nymex_WTI,3,2017,2017-02-21,CL,2017,1
2017-01-03,2017-01-03 11:43:25.352,53.81,8,53.82,9,E,,Nymex_WTI,3,2017,2017-02-21,CL,2017,1
2017-01-17,2017-01-17 05:00:51.553,53.96,10,53.97,9,E,,Nymex_WTI,3,2017,2017-02-21,CL,2017,1
2017-01-03,2017-01-03 11:43:25.352,53.81,8,53.82,10,E,,Nymex_WTI,3,2017,2017-02-21,CL,2017,1
2017-01-17,2017-01-17 05:00:51.553,53.96,9,53.97,9,E,,Nymex_WTI,3,2017,2017-02-21,CL,2017,1
2017-01-03,2017-01-03 11:43:25.427,53.81,8,53.82,11,E,,Nymex_WTI,3,2017,2017-02-21,CL,2017,1
2017-01-17,2017-01-17 05:00:51.553,53.96,9,53.97,11,E,,Nymex_WTI,3,2017,2017-02-21,CL,2017,1
2017-01-03,2017-01-03 11:43:25.531,53.81,8,53.82,10,E,,Nymex_WTI,3,2017,2017-02-21,CL,2017,1
2017-01-17,2017-01-17 05:00:51.593,53.96,9,53.97,9,E,,Nymex_WTI,3,2017,2017-02-21,CL,2017,1
2017-01-03,2017-01-03 11:43:25.531,53.81,8,53.82,9,E,,Nymex_WTI,3,2017,2017-02-21,CL,2017,1
2017-01-17,2017-01-17 05:00:51.609,53.96,9,53.97,8,E,,Nymex_WTI,3,2017,2017-02-21,CL,2017,1
2017-01-03,2017-01-03 11:43:25.531,53.81,8,53.82,7,E,,Nymex_WTI,3,2017,2017-02-21,CL,2017,1
2017-01-17,2017-01-17 05:00:51.615,53.96,10,53.97,8,E,,Nymex_WTI,3,2017,2017-02-21,CL,2017,1
2017-01-03,2017-01-03 11:43:25.531,53.81,8,53.82,6,E,,Nymex_WTI,3,2017,2017-02-21,CL,2017,1
2017-01-17,2017-01-17 05:00:51.615,53.96,10,53.97,7,E,,Nymex_WTI,3,2017,2017-02-21,CL,2017,1
2017-01-03,2017-01-03 11:43:25.531,53.81,8,53.82,5,E,,Nymex_WTI,3,2017,2017-02-21,CL,2017,1
2017-01-17,2017-01-17 05:00:51.618,53.96,16,53.97,7,E,,Nymex_WTI,3,2017,2017-02-21,CL,2017,1
2017-01-03,2017-01-03 11:43:25.531,53.81,8,53.82,4,E,,Nymex_WTI,3,2017,2017-02-21,CL,2017,1
2017-01-17,2017-01-17 05:00:51.624,53.96,16,53.97,5,E,,Nymex_WTI,3,2017,2017-02-21,CL,2017,1
2017-01-03,2017-01-03 11:43:25.531,53.81,8,53.82,3,E,,Nymex_WTI,3,2017,2017-02-21,CL,2017,1
2017-01-17,2017-01-17 05:00:51.624,53.96,17,53.97,5,E,,Nymex_WTI,3,2017,2017-02-21,CL,2017,1
2017-01-03,2017-01-03 11:43:25.531,53.81,8,53.82,2,E,,Nymex_WTI,3,2017,2017-02-21,CL,2017,1
2017-01-17,2017-01-17 05:00:51.624,53.96,18,53.97,5,E,,Nymex_WTI,3,2017,2017-02-21,CL,2017,1
2017-01-03,2017-01-03 11:43:25.535,53.81,8,53.82,1,E,,Nymex_WTI,3,2017,2017-02-21,CL,2017,1
2017-01-17,2017-01-17 05:00:51.624,53.96,19,53.97,5,E,,Nymex_WTI,3,2017,2017-02-21,CL,2017,1
2017-01-03,2017-01-03 11:43:25.535,53.81,8,53.83,36,E,,Nymex_WTI,3,2017,2017-02-21,CL,2017,1
2017-01-17,2017-01-17 05:00:51.624,53.96,19,53.97,4,E,,Nymex_WTI,3,2017,2017-02-21,CL,2017,1
2017-01-03,2017-01-03 11:43:25.535,53.82,1,53.83,36,E,,Nymex_WTI,3,2017,2017-02-21,CL,2017,1
2017-01-17,2017-01-17 05:00:51.624,53.96,21,53.97,4,E,,Nymex_WTI,3,2017,2017-02-21,CL,2017,1
2017-01-03,2017-01-03 11:43:25.539,53.82,1,53.83,35,E,,Nymex_WTI,3,2017,2017-02-21,CL,2017,1
2017-01-17,2017-01-17 05:00:51.624,53.96,20,53.97,4,E,,Nymex_WTI,3,2017,2017-02-21,CL,2017,1
2017-01-03,2017-01-03 11:43:25.539,53.82,1,53.83,33,E,,Nymex_WTI,3,2017,2017-02-21,CL,2017,1
2017-01-17,2017-01-17 05:00:51.643,53.96,22,53.97,4,E,,Nymex_WTI,3,2017,2017-02-21,CL,2017,1
2017-01-03,2017-01-03 11:43:25.539,53.82,1,53.83,28,E,,Nymex_WTI,3,2017,2017-02-21,CL,2017,1
2017-01-17,2017-01-17 05:00:51.719,53.96,21,53.97,4,E,,Nymex_WTI,3,2017,2017-02-21,CL,2017,1
2017-01-03,2017-01-03 11:43:25.544,53.82,1,53.83,26,E,,Nymex_WTI,3,2017,2017-02-21,CL,2017,1
2017-01-17,2017-01-17 05:00:51.719,53.96,21,53.97,3,E,,Nymex_WTI,3,2017,2017-02-21,CL,2017,1
2017-01-03,2017-01-03 11:43:25.544,53.82,1,53.83,25,E,,Nymex_WTI,3,2017,2017-02-21,CL,2017,1
2017-01-17,2017-01-17 05:00:52.052,53.96,21,53.98,75,E,,Nymex_WTI,3,2017,2017-02-21,CL,2017,1
2017-01-03,2017-01-03 11:43:25.544,53.82,1,53.83,24,E,,Nymex_WTI,3,2017,2017-02-21,CL,2017,1
